"Name","Team","G","PA","AB","H","2B","3B","HR","R","RBI","BB","SO","SB","CS","AVG","OBP","SLG","OPS","wOBA","ADP","-1","InterSD","InterSK","IntraSD","playerid"
"Juan Soto","WSN","153","660","541","164","34","3","39","111","113","112","116","14","4",".304",".424",".592","1.016",".426","3.7","","3.70","0.05","0.69","20123"
"Mike Trout","LAA","149","655","527","150","28","4","44","112","110","111","142","8","3",".285",".417",".602","1.019",".422","6.0","","2.18","-0.48","1.12","10155"
"Freddie Freeman","ATL","152","665","566","170","38","2","32","106","108","87","115","5","2",".301",".399",".544",".943",".397","13.4","","1.84","0.58","1.20","5361"
"Ronald Acuna Jr.","ATL","150","660","565","157","30","3","39","119","95","84","177","29","8",".277",".378",".546",".924",".391","1.6","","3.77","0.13","0.92","18401"
"Christian Yelich","MIL","148","650","548","151","29","3","35","103","91","93","159","16","5",".275",".386",".530",".916",".387","10.7","","3.32","-1.44","0.40","11477"
"Bryce Harper","PHI","153","661","538","142","29","2","36","103","101","110","151","17","5",".263",".390",".528",".919",".386","17.6","","1.72","1.61","0.75","11579"
"Mookie Betts","LAD","149","669","579","168","36","4","33","122","93","79","100","23","5",".291",".378",".537",".915",".383","4.1","","3.06","0.01","0.73","13611"
"Yordan Alvarez","HOU","123","524","457","127","26","1","31","76","90","59","126","1","1",".278",".365",".544",".909",".382","79.0","","4.19","0.86","0.92","19556"
"Anthony Rendon","LAA","144","625","532","155","35","2","27","91","98","78","88","2","1",".291",".387",".517",".904",".382","38.6","","1.77","-0.10","1.05","12861"
"Fernando Tatis Jr.","SDP","146","646","571","161","29","6","37","108","100","62","167","26","8",".282",".359",".547",".906",".381","2.7","","3.71","-0.83","0.54","19709"
"Cody Bellinger","LAD","144","617","533","146","30","3","35","96","98","79","115","12","4",".275",".370",".542",".912",".380","17.6","","6.32","-0.64","0.46","15998"
"Alex Bregman","HOU","146","634","531","144","35","2","26","91","91","89","83","3","2",".272",".382",".495",".877",".375","47.3","","3.66","-0.11","0.75","17678"
"Jose Ramirez","CLE","149","644","559","154","37","3","33","98","100","73","94","25","7",".274",".361",".531",".892",".374","10.9","","2.74","0.11","0.64","13510"
"Aaron Judge","NYY","135","584","497","129","21","1","36","96","88","78","174","3","2",".259",".365",".526",".891",".373","52.5","","2.65","-0.23","1.06","15640"
"George Springer","TOR","135","594","517","141","23","2","33","97","88","65","115","5","3",".273",".360",".518",".878",".372","53.0","","2.04","1.21","0.80","12856"
"Marcell Ozuna","ATL","146","634","561","159","27","2","34","90","106","67","135","4","2",".284",".361",".517",".879",".371","44.1","","2.29","1.02","1.04","10324"
"Corey Seager","LAD","140","608","547","159","36","2","30","94","97","52","105","3","1",".290",".355",".527",".882",".370","29.2","","3.51","-0.01","1.03","13624"
"Nelson Cruz","MIN","126","534","469","127","21","1","32","73","87","54","138","0","0",".271",".355",".526",".881",".368","92.5","","4.61","-0.79","0.95","2434"
"Jesse Winker","CIN","135","528","451","122","23","1","23","75","66","66","105","2","1",".270",".371",".481",".852",".367","208.5","","3.78","-0.70","0.50","13590"
"Vladimir Guerrero Jr.","TOR","148","623","560","163","32","3","27","87","94","55","97","2","1",".291",".358",".503",".862",".367","45.3","","4.78","-0.21","1.03","19611"
"Trevor Story","COL","151","657","590","164","36","6","32","100","87","58","169","28","7",".279",".347",".521",".868",".365","12.2","","3.10","-1.89","0.80","12564"
"Xander Bogaerts","BOS","149","634","564","163","35","2","28","95","92","61","113","12","2",".289",".360",".507",".867",".365","34.0","","3.03","0.03","0.46","12161"
"Eloy Jimenez","CHW","25","104","96","27","5","0","6","13","18","6","25","0","0",".285",".333",".530",".863",".363","249.4","","7.50","4.42","1.66","17484"
"Pete Alonso","NYM","147","632","549","136","25","1","41","89","104","65","167","2","1",".247",".341",".520",".861",".363","53.1","","2.50","-1.02","1.55","19251"
"Rhys Hoskins","PHI","135","592","492","118","26","2","31","85","86","86","142","3","1",".239",".361",".487",".848",".363","163.2","","3.54","0.02","1.08","16472"
"Justin Turner","LAD","114","491","426","122","25","1","18","70","65","50","76","2","1",".286",".373",".474",".847",".362","200.3","","4.35","-0.14","0.81","5235"
"Giancarlo Stanton","NYY","122","517","444","113","21","1","31","74","83","62","154","3","1",".255",".351",".515",".866",".361","111.4","","5.30","-0.57","0.75","4949"
"Josh Donaldson","MIN","132","547","456","111","22","1","28","76","73","81","130","2","1",".244",".364",".477",".841",".361","191.8","","3.37","-1.01","0.72","5038"
"Luke Voit","NYY","109","460","405","106","17","1","26","67","71","47","115","0","0",".261",".346",".499",".846",".360","87.8","","3.93","1.45","0.62","14811"
"Paul Goldschmidt","STL","151","642","550","148","27","2","28","87","81","84","145","3","2",".269",".369",".478",".847",".360","91.4","","1.92","0.02","0.63","9218"
"Trea Turner","WSN","147","657","596","174","34","7","23","102","80","53","114","33","8",".292",".353",".488",".841",".359","7.7","","1.70","1.25","1.44","16252"
"Manny Machado","SDP","152","661","588","162","29","2","35","93","104","63","110","11","4",".275",".346",".508",".854",".359","21.4","","2.80","-1.32","0.60","11493"
"Max Muncy","LAD","137","580","481","114","20","1","30","88","84","88","146","3","1",".236",".360",".471",".830",".358","102.1","","3.76","-0.16","1.11","13301"
"C.J. Cron","COL","127","519","466","122","25","1","30","68","83","40","130","1","1",".262",".333",".512",".846",".358","171.1","","6.60","-2.27","0.84","12546"
"Michael Conforto","NYM","147","631","541","141","27","1","29","90","88","76","152","7","3",".261",".361",".475",".836",".357","73.0","","1.27","-1.17","0.59","16376"
"Eugenio Suarez","CIN","150","640","553","136","24","2","38","87","102","73","175","3","1",".247",".341",".502",".843",".357","63.5","","3.49","0.93","1.38","12552"
"Gleyber Torres","NYY","147","607","536","144","27","1","30","81","85","60","123","6","2",".268",".346",".491",".836",".356","61.6","","5.18","0.41","0.52","16997"
"Rafael Devers","BOS","148","640","589","165","39","3","31","96","100","44","140","4","3",".280",".334",".513",".847",".356","41.4","","3.42","0.60","0.91","17350"
"Charlie Blackmon","COL","136","590","532","153","29","5","22","82","74","45","107","4","3",".289",".349",".486",".836",".356","88.2","","2.08","-0.41","0.86","7859"
"Anthony Rizzo","CHC","149","640","544","144","27","2","26","85","85","72","96","6","3",".265",".366",".468",".834",".355","106.2","","4.42","-0.22","0.45","3473"
"DJ LeMahieu","NYY","145","638","581","177","28","3","20","100","77","48","82","6","2",".305",".360",".467",".826",".355","27.8","","2.85","0.01","1.37","9874"
"Alex Dickerson","SFG","123","463","415","114","25","3","20","65","65","39","89","1","1",".274",".344",".492",".836",".355","366.0","","4.82","-0.04","0.59","12649"
"Jeff McNeil","NYM","149","634","567","167","35","3","18","82","75","47","81","4","3",".294",".360",".461",".821",".354","96.7","","2.99","-0.27","1.11","15362"
"J.D. Martinez","BOS","144","623","550","149","32","2","30","82","91","63","146","2","1",".271",".347",".497",".844",".354","93.7","","5.27","-0.21","0.81","6184"
"Spencer Torkelson","DET","11","45","40","10","2","0","2","7","7","5","11","0","0",".257",".340",".485",".826",".354","575.2","","3.18","0.84","1.83","sa3014504"
"Brandon Nimmo","NYM","130","543","449","112","22","4","17","77","53","79","128","5","3",".249",".374",".431",".806",".353","264.0","","3.13","-0.15","0.48","12927"
"Matt Olson","OAK","148","620","538","128","25","1","38","80","97","72","172","1","1",".238",".336",".498",".833",".353","86.4","","2.67","0.28","1.51","14344"
"Kyle Schwarber","WSN","131","538","463","110","21","2","31","74","76","68","149","3","2",".237",".339",".494",".833",".353","205.1","","1.67","2.54","0.96","16478"
"Will Smith","LAD","102","404","349","87","18","1","21","57","66","45","90","1","1",".249",".342",".487",".829",".353","105.0","","5.81","0.03","0.43","19197"
"Jose Abreu","CHW","147","640","584","164","33","2","32","85","109","39","139","1","1",".281",".335",".504",".839",".352","41.5","","2.39","-0.90","1.23","15676"
"Randy Arozarena","TBR","147","576","510","137","26","3","25","82","76","46","141","20","7",".268",".344",".479",".823",".352","59.2","","3.89","-0.32","0.64","19290"
"Brandon Belt","SFG","132","535","455","116","27","2","20","67","66","73","116","2","1",".255",".361",".454",".815",".352","491.7","","2.06","-1.75","0.24","10264"
"Jorge Soler","KCR","141","585","508","125","25","1","32","74","88","65","171","2","1",".245",".338",".488",".826",".351","141.7","","3.14","0.41","1.04","14221"
"Josh Bell","WSN","140","587","510","133","26","2","28","79","89","66","130","1","1",".261",".347",".485",".832",".351","136.4","","2.89","-0.09","0.84","13145"
"Joey Gallo","TEX","147","602","508","109","23","2","39","84","90","84","217","5","2",".214",".333",".495",".828",".351","142.6","","2.38","-1.19","1.86","14128"
"Bo Bichette","TOR","143","626","579","166","39","4","24","92","84","41","127","21","7",".286",".335",".488",".824",".350","25.1","","1.85","-0.90","0.72","19612"
"Franmil Reyes","CLE","147","601","536","139","24","1","34","77","91","56","169","0","0",".259",".330",".499",".829",".350","157.6","","3.13","0.24","1.06","14566"
"Nick Castellanos","CIN","150","647","589","157","39","4","30","94","90","48","161","2","2",".267",".327",".500",".827",".350","78.3","","2.49","-0.40","0.90","11737"
"Shohei Ohtani","LAA","116","456","406","106","22","2","21","62","66","45","124","14","4",".262",".339",".480",".818",".349","154.1","","4.18","-0.41","0.64","19755"
"Ketel Marte","ARI","145","624","568","164","33","6","20","81","74","45","81","6","2",".288",".344",".476",".820",".348","76.6","","4.89","0.45","0.81","13613"
"Matt Chapman","OAK","139","592","526","129","30","4","31","85","85","56","157","1","1",".246",".324",".496",".820",".347","115.9","","2.20","0.39","1.06","16505"
"Kris Bryant","CHC","143","626","542","140","29","3","25","90","75","66","150","2","1",".258",".353",".461",".814",".347","126.0","","2.42","0.56","0.71","15429"
"Brandon Lowe","TBR","139","577","511","129","27","3","28","80","85","55","164","6","2",".253",".332",".483",".815",".347","71.6","","4.55","-0.05","0.60","18882"
"Michael Brantley","HOU","130","558","503","147","31","2","16","71","71","46","70","5","1",".292",".355",".454",".809",".347","151.0","","3.48","-0.73","0.99","4106"
"Yandy Diaz","TBR","107","449","388","106","18","1","12","57","45","57","75","1","1",".274",".369",".422",".791",".347","547.0","","4.04","-0.57","0.83","16578"
"Tommy Pham","SDP","128","551","478","127","22","2","18","73","63","65","118","21","5",".266",".360",".434",".794",".347","137.1","","2.34","-0.08","0.99","2967"
"Mark Canha","OAK","143","585","492","121","25","3","22","79","73","70","132","6","1",".246",".356",".441",".797",".346","265.1","","2.64","-0.73","0.45","11445"
"Nate Lowe","TEX","112","449","392","101","19","1","19","58","59","51","123","3","1",".258",".347",".457",".804",".346","470.3","","3.17","0.02","0.35","19566"
"Dominic Smith","NYM","128","506","458","122","28","1","22","65","76","39","120","1","1",".267",".331",".480",".811",".345","130.1","","2.49","0.59","0.59","15653"
"Jose Altuve","HOU","140","613","553","155","29","2","21","94","73","51","98","9","4",".281",".346",".459",".806",".345","92.4","","4.11","-0.26","0.66","5417"
"Rowdy Tellez","TOR","114","450","402","104","21","0","23","60","67","38","99","1","1",".259",".327",".489",".816",".345","337.5","","1.92","1.94","0.52","15679"
"Ozzie Albies","ATL","148","640","589","164","35","5","24","94","83","42","116","14","4",".279",".331",".480",".811",".345","35.7","","2.40","-0.20","0.40","16556"
"Joc Pederson","CHC","140","524","459","110","23","2","28","74","71","52","118","3","2",".240",".330",".482",".811",".345","230.7","","5.20","-1.57","0.73","11899"
"Alex Verdugo","BOS","146","602","544","157","37","2","17","84","63","47","100","9","2",".288",".348",".454",".802",".345","130.4","","3.50","1.27","0.96","17027"
"Cavan Biggio","TOR","146","637","532","128","28","3","22","93","72","96","162","17","4",".240",".361",".425",".785",".345","68.2","","4.28","-0.01","1.09","19252"
"Mike Yastrzemski","SFG","145","609","536","137","30","5","24","87","76","62","155","6","3",".255",".338",".465",".803",".344","138.5","","4.67","0.18","0.50","14854"
"Mitch Garver","MIN","96","368","323","80","16","1","18","53","52","38","111","0","0",".246",".331",".473",".805",".344","208.7","","4.31","0.68","0.42","15161"
"Ke'Bryan Hayes","PIT","146","580","520","143","31","5","17","75","68","50","117","8","3",".275",".345",".454",".798",".344","129.0","","3.62","-0.90","0.51","18577"
"Alec Bohm","PHI","140","595","534","150","28","2","20","78","78","51","111","4","2",".281",".346",".452",".798",".343","999.0","","3.65","-0.24","0.69","21618"
"Austin Meadows","TBR","137","580","517","133","28","4","26","79","76","53","146","11","4",".258",".331",".477",".807",".343","77.5","","5.73","-0.03","0.26","15672"
"Clint Frazier","NYY","123","506","445","112","24","2","22","67","67","51","138","6","2",".252",".335",".466",".801",".343","175.4","","4.58","-0.33","0.22","15983"
"Nolan Arenado","STL","151","653","580","156","29","2","30","85","96","60","94","1","1",".269",".337",".482",".819",".343","43.7","","3.58","-0.57","0.95","9777"
"Trent Grisham","SDP","143","616","527","131","25","5","23","89","70","77","145","18","4",".249",".348",".445",".793",".343","79.1","","4.62","0.59","0.88","18564"
"Yasmani Grandal","CHW","128","519","434","100","19","1","23","67","69","77","134","2","1",".232",".350",".439",".789",".343","131.4","","2.25","0.16","0.66","11368"
"Joey Votto","CIN","134","576","487","124","25","1","19","77","61","82","112","2","1",".254",".365",".428",".794",".342","396.5","","5.37","-0.07","0.43","4314"
"Kyle Tucker","HOU","150","618","560","146","30","6","27","90","93","51","135","20","6",".260",".326",".480",".806",".342","32.2","","3.35","-0.42","0.73","18345"
"Trey Mancini","BAL","124","525","473","126","23","2","23","68","69","42","119","1","1",".266",".331",".470",".800",".341","156.8","","2.77","1.95","0.50","15149"
"Ian Happ","CHC","144","584","505","124","24","2","27","78","74","70","169","6","3",".244",".341",".461",".802",".341","159.0","","2.57","0.48","0.61","17919"
"Luis Arraez","MIN","113","463","419","131","26","2","4","58","44","37","41","3","2",".312",".368",".412",".779",".341","507.7","","6.24","-1.67","1.81","18568"
"Aaron Hicks","NYY","133","554","467","111","22","3","22","80","69","79","119","9","3",".237",".349",".434",".783",".341","235.3","","2.57","-1.15","0.65","5297"
"Daniel Vogelbach","MIL","63","250","210","47","8","0","12","31","32","37","62","0","0",".226",".346",".437",".782",".340","598.7","","6.45","0.91","0.84","14130"
"J.T. Realmuto","PHI","129","531","480","128","25","2","23","76","76","39","118","8","2",".267",".331",".474",".805",".340","48.1","","3.01","0.12","0.13","11739"
"Mike Moustakas","CIN","148","612","545","138","27","1","34","75","96","54","116","3","1",".252",".325",".491",".816",".340","118.7","","4.08","-0.27","1.07","4892"
"Francisco Lindor","NYM","150","669","601","160","33","2","29","94","82","56","103","18","6",".267",".334",".472",".806",".340","18.7","","3.83","-0.81","0.46","12916"
"Willson Contreras","CHC","122","488","424","107","21","2","19","65","65","46","120","2","2",".252",".342",".445",".787",".339","120.3","","4.14","0.83","0.19","11609"
"J.D. Davis","NYM","114","458","406","106","21","1","17","56","54","45","110","2","1",".262",".342",".443",".784",".339","281.8","","3.01","1.24","0.47","16219"
"Yoan Moncada","CHW","148","642","569","147","29","5","24","85","79","64","190","7","3",".259",".336",".454",".790",".339","83.5","","2.16","-1.01","0.39","17232"
"Mitch Haniger","SEA","126","543","476","119","25","2","23","73","68","53","135","6","2",".250",".334",".456",".790",".339","223.8","","3.95","-0.13","0.28","14274"
"Yasiel Puig","","52","215","194","51","10","1","10","28","30","18","45","6","2",".261",".329",".468",".797",".339","527.7","","8.36","0.05","1.29","14225"
"Miguel Sano","MIN","139","576","506","114","24","1","37","82","86","63","222","0","0",".225",".315",".494",".809",".339","209.6","","5.30","-0.52","1.60","12164"
"Carlos Correa","HOU","145","604","535","142","28","1","25","76","87","58","135","2","1",".265",".338",".461",".799",".338","121.2","","5.17","-0.57","0.68","14162"
"Max Kepler","MIN","140","590","517","125","29","2","27","87","75","63","103","6","2",".243",".330",".463",".793",".338","197.7","","3.16","0.28","0.80","12144"
"Anthony Santander","BAL","139","593","550","144","33","2","29","74","86","35","110","2","2",".261",".311",".490",".801",".338","171.5","","3.20","-1.25","0.72","14551"
"Andrew McCutchen","PHI","131","576","499","126","23","2","22","83","67","68","122","8","3",".252",".346",".440",".785",".338","207.7","","2.58","-0.81","0.43","9847"
"Lourdes Gurriel Jr.","TOR","144","598","553","151","29","2","27","77","85","32","133","7","3",".273",".317",".480",".797",".338","87.1","","3.41","0.11","0.39","19238"
"Eddie Rosario","CLE","139","580","541","146","28","2","30","81","92","33","91","5","2",".270",".311",".492",".803",".338","107.2","","4.98","0.90","0.62","12155"
"Marcus Semien","TOR","145","643","572","147","30","3","25","90","76","65","116","10","4",".257",".334",".449",".784",".337","124.0","","2.94","0.54","0.48","12533"
"Wil Myers","SDP","137","552","494","123","27","3","25","73","76","52","160","11","4",".249",".325",".466",".791",".336","130.9","","1.89","0.28","0.46","10047"
"Greg Bird","COL","27","112","97","23","6","0","5","14","15","13","29","0","0",".238",".332",".453",".784",".336","600.6","","3.38","2.05","1.52","14131"
"Alejandro Kirk","TOR","85","327","291","79","17","1","9","38","40","31","48","1","1",".272",".348",".427",".774",".336","285.1","","6.89","-0.94","1.03","22581"
"Christian Walker","ARI","135","565","506","129","28","2","23","75","76","50","137","3","2",".256",".328",".458",".785",".336","209.6","","3.27","-0.69","0.41","13419"
"Wilmer Flores","SFG","82","324","298","82","17","1","13","38","43","19","45","1","0",".276",".324",".466",".790",".336","484.7","","4.60","0.56","1.04","5827"
"Carlos Santana","KCR","143","608","509","122","24","1","21","78","75","92","97","1","1",".239",".356",".418",".774",".336","294.7","","1.97","-1.03","0.73","2396"
"Nolan Jones","CLE","8","34","30","7","1","0","1","5","4","4","11","0","0",".247",".345",".426",".772",".336","591.9","","5.35","3.83","1.89","sa917941"
"Chris Taylor","LAD","129","523","460","117","27","4","17","69","65","52","142","8","3",".255",".335",".445",".780",".336","233.5","","3.22","-0.95","0.20","13757"
"Tim Anderson","CHW","147","632","598","173","31","3","22","95","70","26","141","17","6",".289",".322",".463",".786",".335","43.3","","3.50","-1.54","0.88","15172"
"Austin Slater","SFG","79","295","256","65","12","2","9","37","29","32","76","12","2",".254",".348",".416",".765",".335","532.7","","4.37","0.54","1.39","16153"
"Teoscar Hernandez","TOR","138","571","517","126","24","3","31","78","83","47","177","11","3",".244",".310",".482",".791",".335","85.1","","3.70","-0.54","0.84","13066"
"Tommy La Stella","SFG","125","483","432","119","23","2","12","62","54","44","43","2","1",".277",".348",".422",".770",".335","393.6","","2.92","-1.12","0.81","12371"
"Jared Walsh","LAA","114","463","415","105","21","2","22","61","67","36","120","0","0",".252",".317",".472",".789",".335","241.4","","4.56","0.15","0.45","18607"
"Garrett Cooper","MIA","87","358","323","86","17","1","13","44","45","29","87","0","0",".267",".335",".438",".773",".334","550.2","","4.87","0.39","0.80","15279"
"Jordan Luplow","CLE","58","223","195","48","11","1","9","29","27","24","50","2","1",".244",".332",".445",".777",".334","600.9","","2.29","0.91","1.10","16424"
"Mike Brosseau","TBR","72","263","237","62","13","1","10","32","33","19","70","3","1",".260",".327",".451",".779",".334","524.8","","7.92","0.11","1.10","19683"
"Keston Hiura","MIL","144","613","553","139","27","2","29","80","84","42","188","10","5",".251",".318",".466",".785",".334","73.5","","2.34","-0.57","0.61","20003"
"A.J. Pollock","LAD","119","494","450","117","23","2","23","67","70","33","107","6","3",".259",".315",".476",".790",".334","202.3","","4.18","0.43","0.22","9256"
"Gio Urshela","NYY","137","547","498","138","27","1","19","69","75","38","92","2","1",".276",".331",".448",".779",".333","172.7","","2.92","0.09","0.65","10681"
"Ji-Man Choi","TBR","99","390","332","80","19","1","14","46","49","49","94","1","1",".242",".342",".428",".769",".333","582.6","","2.89","-0.43","0.42","5452"
"Brian Anderson","MIA","145","605","534","135","27","2","21","71","78","54","147","2","1",".253",".335",".434",".769",".333","284.7","","2.87","0.43","0.46","18289"
"Bobby Dalbec","BOS","121","497","438","101","19","1","26","62","69","49","174","2","1",".231",".319",".458",".777",".332","260.4","","3.58","-1.27","0.77","19966"
"David Peralta","ARI","130","546","499","137","26","3","17","62","72","40","112","2","1",".275",".332",".441",".773",".332","285.0","","2.09","0.19","0.69","2136"
"Starling Marte","MIA","146","627","577","160","30","4","19","88","73","31","110","25","7",".277",".329",".443",".772",".332","49.9","","3.14","-0.46","1.12","9241"
"Brad Miller","PHI","71","266","232","54","11","2","12","36","37","31","77","2","1",".234",".328",".454",".782",".332","597.8","","4.61","-0.37","0.74","12775"
"Randal Grichuk","TOR","111","466","431","109","23","2","25","64","68","29","113","2","1",".253",".303",".489",".792",".332","298.9","","5.52","-0.03","0.46","10243"
"Bryan Reynolds","PIT","139","574","514","135","28","4","17","73","65","53","139","4","2",".262",".335",".431",".767",".332","330.4","","3.19","0.07","0.29","19326"
"Travis d'Arnaud","ATL","110","439","397","105","19","1","18","53","70","35","102","1","1",".264",".328",".452",".780",".331","137.9","","3.33","-0.01","0.61","7739"
"Jason Heyward","CHC","132","533","461","117","21","3","15","64","60","62","99","6","2",".254",".347",".412",".759",".331","536.0","","2.61","0.71","0.20","4940"
"Gavin Lux","LAD","114","476","430","112","21","3","16","64","58","43","111","8","3",".260",".329",".437",".766",".331","212.4","","4.83","-0.83","0.37","19955"
"Ryan Mountcastle","BAL","134","559","517","143","27","2","21","64","74","31","126","2","1",".277",".320",".457",".777",".331","156.5","","3.92","-0.28","0.70","18373"
"Yoshi Tsutsugo","LAD","94","369","319","74","14","1","16","47","48","45","98","0","0",".231",".329",".436",".765",".330","563.1","","4.13","-0.10","0.38","27459"
"Ryan Braun","","35","138","126","33","7","1","6","17","20","9","28","2","1",".261",".316",".467",".783",".330","600.9","","4.96","0.65","1.51","3410"
"Gary Sanchez","NYY","110","433","382","83","15","0","27","56","67","42","131","0","0",".218",".305",".473",".779",".330","152.9","","3.58","-1.29","1.00","11442"
"Sean Murphy","OAK","103","384","338","81","17","1","16","50","46","41","94","1","1",".240",".328",".434",".762",".330","176.9","","3.54","-0.11","0.38","19352"
"Seth Beer","ARI","12","48","43","11","2","0","2","7","9","4","12","0","0",".248",".329",".428",".757",".330","600.6","","10.18","2.05","1.78","sa3006658"
"Hunter Dozier","KCR","144","603","534","131","27","5","22","75","69","63","160","7","2",".245",".327",".438",".764",".329","231.0","","3.55","1.53","0.45","15117"
"Colton Welker","COL","16","66","60","17","4","0","2","7","8","5","12","0","0",".280",".335",".436",".770",".329","599.1","","5.15","4.15","1.84","sa917962"
"Kole Calhoun","ARI","116","494","429","100","20","2","23","68","64","54","117","3","1",".234",".325",".448",".773",".329","414.8","","4.83","0.66","0.55","11200"
"Luis Robert","CHW","147","615","562","142","27","4","28","88","83","41","185","25","7",".252",".310",".464",".774",".329","34.5","","3.11","-1.84","1.11","20043"
"Jeimer Candelario","DET","138","569","503","124","27","4","19","68","67","57","138","3","2",".248",".331",".427",".758",".329","285.1","","3.73","-0.19","0.23","13621"
"Austin Riley","ATL","129","536","488","121","24","2","26","67","78","39","147","1","1",".249",".310",".465",".774",".329","221.6","","4.99","-0.26","0.68","18360"
"Julio Rodriguez","STL","29","113","103","28","6","1","3","15","17","7","26","2","1",".266",".327",".432",".759",".328","999.0","","3.17","-1.50","1.61","sa917669"
"Whit Merrifield","KCR","150","659","608","171","35","5","15","91","68","41","102","25","7",".282",".331",".430",".762",".328","40.8","","1.36","1.38","1.35","11281"
"Josh Naylor","CLE","126","479","435","117","24","2","14","59","55","39","74","3","1",".268",".332",".427",".759",".328","506.3","","3.96","-0.66","0.58","18839"
"Jesus Aguilar","MIA","126","499","436","109","20","0","20","60","69","51","109","0","1",".250",".330",".433",".763",".328","431.6","","3.41","-0.29","0.42","11342"
"Nick Solak","TEX","133","556","496","132","23","2","16","68","62","47","116","13","3",".266",".336",".418",".753",".327","172.3","","2.30","2.20","0.59","19294"
"Alex Kirilloff","MIN","100","415","382","105","22","2","12","49","49","26","82","5","2",".274",".325",".439",".763",".327","300.9","","4.05","0.70","0.89","20325"
"Jorge Polanco","MIN","137","589","534","145","29","4","16","74","65","44","96","8","3",".272",".330",".430",".760",".327","259.7","","2.68","-0.02","0.52","13152"
"Jedd Gyorko","","53","186","165","40","6","0","9","22","24","19","46","1","0",".243",".323",".441",".763",".327","599.7","","3.22","-0.44","1.24","10816"
"Ramon Laureano","OAK","145","596","525","130","28","2","22","83","72","50","158","12","3",".247",".325",".434",".759",".327","144.5","","2.97","1.82","0.60","17128"
"Trevor Larnach","MIN","8","31","28","7","1","0","1","3","3","3","8","0","0",".260",".327",".433",".760",".327","999.0","","4.88","3.13","1.93","21501"
"Robbie Grossman","DET","129","506","439","110","24","3","12","62","51","59","95","13","3",".249",".342",".401",".744",".326","438.5","","2.53","-0.73","0.78","5254"
"Ryan McMahon","COL","132","518","464","113","23","2","21","62","70","48","160","3","2",".244",".318",".441",".760",".326","233.1","","4.37","-0.76","0.40","15112"
"Byron Buxton","MIN","129","498","462","117","26","4","24","70","71","26","131","16","5",".253",".297",".483",".781",".326","109.9","","3.85","-0.22","0.64","14161"
"Ty France","SEA","129","511","461","119","24","2","17","60","65","33","112","2","1",".258",".325",".428",".753",".326","252.9","","2.85","-0.19","0.33","17982"
"Danny Jansen","TOR","92","348","300","71","14","1","14","41","43","37","69","1","1",".235",".328",".422",".751",".326","364.6","","2.64","0.45","0.52","16535"
"Didi Gregorius","PHI","131","551","504","133","24","3","22","72","82","34","75","6","3",".263",".314",".453",".768",".326","164.3","","1.95","-1.67","0.34","6012"
"D.J. Stewart","BAL","84","334","285","65","13","1","13","41","40","40","88","3","2",".228",".330",".419",".749",".326","586.5","","4.61","0.09","0.60","17766"
"Dansby Swanson","ATL","147","631","563","144","31","3","23","93","78","56","155","12","4",".256",".328",".442",".770",".326","110.4","","3.07","-0.28","0.57","18314"
"Darin Ruf","SFG","39","147","130","32","6","0","5","17","19","14","34","1","1",".246",".328",".422",".751",".326","600.7","","3.37","1.31","1.43","9929"
"Austin Dean","STL","49","173","156","41","9","1","5","20","21","14","40","1","0",".262",".328",".424",".752",".325","999.0","","5.13","0.69","1.42","18288"
"Hunter Renfroe","BOS","117","455","409","94","21","1","26","59","66","38","128","5","1",".230",".298",".476",".774",".325","445.1","","2.72","0.32","0.76","15464"
"Renato Nunez","DET","59","246","221","54","10","0","11","30","34","19","63","0","0",".243",".312",".447",".759",".325","529.8","","10.72","0.57","0.94","14503"
"Aristides Aquino","CIN","47","174","158","37","7","1","9","23","26","13","52","3","1",".234",".300",".466",".767",".325","591.0","","5.53","1.16","1.21","15482"
"Jake Cronenworth","SDP","124","505","451","121","26","4","9","63","53","45","86","10","3",".268",".339",".405",".744",".325","217.6","","3.43","0.16","0.85","18036"
"Ryan Zimmerman","WSN","43","168","151","38","8","0","6","19","23","14","34","0","0",".255",".320",".435",".756",".325","597.7","","2.93","1.76","1.37","4220"
"Connor Joe","COL","6","23","20","5","1","0","1","3","3","3","5","0","0",".248",".339",".400",".739",".325","999.0","","3.59","3.50","1.94","16572"
"Shogo Akiyama","CIN","86","327","289","76","14","2","6","40","29","33","60","9","3",".264",".345",".391",".736",".324","571.8","","4.23","0.26","1.29","27461"
"Adam Eaton","CHW","127","545","478","123","23","4","13","72","51","49","96","11","3",".258",".338",".401",".740",".324","415.5","","2.73","-0.04","0.70","11205"
"Andrew Benintendi","KCR","137","577","498","126","28","4","14","69","61","65","131","12","5",".254",".345",".411",".756",".324","219.1","","4.18","-2.15","0.58","17901"
"Ryan Jeffers","MIN","76","270","244","62","11","0","10","29","32","22","73","0","0",".254",".324",".424",".748",".324","425.9","","2.94","-0.66","1.05","24618"
"Jean Segura","PHI","137","588","537","149","26","4","15","74","63","40","91","9","4",".277",".333",".420",".753",".324","194.2","","2.68","1.03","0.72","5933"
"Salvador Perez","KCR","123","501","472","123","24","1","26","59","79","18","106","2","1",".260",".296",".479",".775",".324","83.6","","1.83","-0.85","0.70","7304"
"Colin Moran","PIT","138","545","493","127","25","1","19","61","71","43","127","0","1",".258",".321",".431",".753",".324","541.8","","2.62","0.43","0.45","16909"
"Jarred Kelenic","SEA","111","469","424","106","22","3","17","57","54","38","112","14","4",".251",".316",".438",".754",".323","999.0","","4.89","0.43","0.81","22558"
"Matt Carpenter","STL","92","367","310","69","16","1","12","48","43","49","98","2","1",".224",".339",".404",".743",".323","593.3","","4.06","-0.57","0.34","8090"
"Ha-seong Kim","SDP","88","361","323","84","17","2","10","44","43","32","60","9","3",".259",".330",".416",".746",".323","999.0","","7.11","0.72","0.97","27506"
"Paul DeJong","STL","145","611","541","133","28","1","24","78","78","53","152","4","2",".245",".319",".432",".752",".322","250.8","","4.25","-0.51","0.63","18015"
"Eduardo Escobar","ARI","137","586","533","137","27","6","22","71","77","42","112","3","1",".257",".313",".450",".763",".322","314.1","","3.11","0.28","0.38","6153"
"Dylan Carlson","STL","144","586","526","131","29","5","19","73","71","50","141","11","5",".250",".319",".430",".749",".322","999.0","","4.77","0.38","0.42","20126"
"Logan Morrison","","18","69","61","14","3","0","4","9","10","7","17","0","0",".231",".313",".454",".767",".322","999.0","","3.08","1.79","1.69","9205"
"Pavin Smith","ARI","49","199","175","46","9","1","5","24","22","20","30","2","0",".263",".335",".408",".743",".322","597.4","","5.55","1.27","1.39","19892"
"Justin Upton","LAA","124","518","455","105","19","1","25","67","73","50","147","3","2",".231",".315",".441",".756",".322","348.2","","3.67","-0.07","0.79","5222"
"Zack Collins","CHW","83","313","263","56","11","1","11","35","38","46","102","1","0",".214",".335",".393",".729",".322","591.6","","4.51","0.79","0.60","19181"
"Daulton Varsho","ARI","68","261","234","58","11","3","8","36","29","22","57","8","2",".247",".322",".421",".743",".321","293.9","","3.09","-0.25","1.17","19918"
"Joshua Ockimey","BOS","12","46","40","8","2","0","2","5","5","6","16","0","0",".203",".313",".427",".740",".321","999.0","","4.66","2.46","1.78","sa829375"
"Edwin Rios","LAD","68","234","213","50","11","1","12","30","36","17","74","0","0",".236",".298",".459",".757",".321","519.0","","6.25","0.29","0.87","18316"
"Jose Martinez","NYM","10","34","30","8","1","0","1","4","4","3","8","0","0",".274",".344",".393",".738",".321","600.5","","4.22","3.08","1.93","7996"
"Jurickson Profar","SDP","111","446","396","98","20","2","14","55","54","39","66","10","2",".248",".325",".415",".740",".321","340.4","","5.17","0.48","0.60","10815"
"Mike Ford","NYY","37","136","121","28","6","0","6","17","19","14","26","0","0",".230",".312",".436",".748",".321","600.3","","5.28","1.56","1.36","15585"
"Wilson Ramos","DET","93","349","319","87","14","0","11","34","44","25","59","0","0",".271",".327",".420",".746",".321","258.7","","4.81","0.78","1.06","1433"
"Jay Bruce","","56","220","200","46","9","1","12","27","33","18","52","1","1",".228",".292",".467",".759",".321","569.8","","3.46","-0.29","0.96","9892"
"Willy Adames","MIL","134","540","485","121","25","2","18","65","59","49","160","6","3",".250",".322",".419",".741",".321","429.8","","1.76","0.01","0.16","15986"
"Brett Gardner","NYY","77","303","263","62","12","2","10","41","33","34","64","5","2",".236",".328",".412",".740",".321","573.0","","4.69","0.56","0.85","9927"
"Wander Franco","TBR","77","323","293","79","15","3","8","39","36","24","38","7","3",".270",".328",".418",".745",".321","999.0","","7.77","-0.21","1.18","sa3007033"
"Adam Duvall","MIA","119","468","423","96","20","2","26","57","67","35","125","1","1",".227",".295",".464",".759",".321","375.3","","4.18","0.39","0.83","10950"
"Nick Senzel","CIN","134","544","492","124","31","3","17","70","61","44","125","16","6",".252",".315",".430",".746",".321","202.3","","3.88","0.13","0.76","19293"
"Cesar Hernandez","CLE","139","601","538","145","27","3","10","77","55","55","116","5","2",".270",".341",".389",".730",".320","401.8","","2.52","0.13","0.79","10556"
"Khris Davis","TEX","78","309","273","63","11","0","16","38","44","28","86","0","0",".230",".310",".442",".752",".320","570.6","","4.09","1.30","0.62","9112"
"Tyler Stephenson","CIN","65","240","213","53","11","1","7","27","28","22","60","0","0",".250",".330",".402",".732",".320","512.4","","2.53","-0.21","1.12","17988"
"Austin Nola","SDP","89","351","311","78","16","1","11","40","43","32","72","1","1",".251",".328",".409",".736",".320","202.3","","3.40","0.22","0.68","15941"
"Kyle Lewis","SEA","145","613","541","131","23","1","23","77","74","63","185","8","2",".243",".322",".417",".739",".320","156.4","","5.01","1.60","0.59","19508"
"Kyle Seager","SEA","137","572","503","120","27","1","23","69","80","55","102","7","2",".239",".320",".435",".755",".320","295.6","","1.87","1.69","0.67","9785"
"Asdrubal Cabrera","ARI","86","359","320","80","17","2","12","41","48","32","71","1","0",".250",".320",".425",".745",".320","552.7","","4.39","-0.15","0.60","4962"
"Brent Rooker","","49","189","169","40","9","0","7","25","25","16","62","1","0",".238",".315",".425",".740",".320","594.2","","9.54","0.99","1.15","19627"
"Jonathan India","CIN","108","461","401","97","19","3","13","58","49","49","114","7","2",".241",".334",".400",".733",".320","999.0","","3.49","-0.25","0.45","21523"
"Derek Dietrich","NYY","17","51","45","10","2","0","2","7","6","4","14","0","0",".228",".318",".436",".754",".320","999.0","","7.08","0.17","1.79","10542"
"Miguel Andujar","NYY","52","197","184","49","11","1","7","24","25","10","32","1","0",".265",".305",".446",".751",".319","584.2","","7.51","0.38","1.33","15878"
"Matt Joyce","PHI","32","119","102","24","5","0","3","15","13","16","29","0","0",".234",".338",".383",".721",".319","600.1","","4.65","1.96","1.52","3353"
"Jonathan Schoop","DET","135","550","512","131","24","2","24","67","70","25","126","1","1",".255",".300",".451",".750",".319","389.4","","3.18","-0.99","0.46","11265"
"Eric Hosmer","SDP","144","615","562","147","25","1","22","75","88","45","132","7","2",".262",".318",".431",".749",".319","165.1","","1.84","-0.19","0.44","3516"
"Luis Campusano","SDP","21","84","75","19","4","0","2","9","10","6","18","0","0",".259",".330",".400",".730",".319","999.0","","3.80","3.11","1.74","22217"
"Dylan Moore","SEA","134","527","467","110","23","2","18","67","54","46","140","23","10",".236",".320",".414",".733",".319","125.2","","4.17","-0.28","1.46","18042"
"Carson Kelly","ARI","112","420","369","88","18","0","16","44","52","39","87","0","0",".240",".318",".422",".740",".319","264.0","","3.00","1.41","0.46","13620"
"Miguel Cabrera","DET","119","498","444","115","18","1","16","52","63","47","104","1","0",".260",".333",".410",".743",".319","554.2","","4.10","-0.68","0.50","1744"
"Raimel Tapia","COL","138","547","507","144","28","6","8","69","52","32","112","19","5",".283",".328",".411",".739",".319","226.9","","2.72","-0.35","1.45","14350"
"Corey Dickerson","MIA","131","541","502","135","28","4","18","63","62","33","97","3","2",".268",".315",".443",".757",".319","448.7","","2.29","0.69","0.46","10762"
"Ian Desmond","COL","54","200","182","44","10","1","8","26","25","16","48","3","1",".242",".305",".441",".746",".318","601.0","","0.91","0.79","1.19","6885"
"Mitch Moreland","OAK","102","400","356","84","17","1","18","49","58","39","90","0","0",".236",".313",".443",".756",".318","542.4","","4.80","0.15","0.42","3086"
"Yonathan Daza","COL","46","185","173","50","10","2","3","20","18","9","30","4","2",".287",".324",".414",".738",".318","999.0","","3.83","3.34","1.72","15794"
"Ryan McBroom","KCR","30","109","100","25","5","0","4","13","13","8","32","0","0",".252",".312",".426",".738",".318","599.5","","5.33","0.82","1.60","16524"
"Jaylin Davis","SFG","8","35","32","8","2","0","1","4","4","3","11","0","0",".237",".307",".433",".740",".318","999.0","","4.42","2.27","1.88","19552"
"Nick Madrigal","CHW","128","520","482","143","24","3","4","59","49","28","34","16","6",".296",".343",".382",".725",".318","192.7","","5.95","0.13","1.75","20521"
"Omar Narvaez","MIL","95","350","306","75","12","0","11","36","37","38","81","0","0",".244",".334",".389",".723",".317","328.9","","2.39","-0.06","0.74","13338"
"Tim Locastro","ARI","88","304","271","70","15","3","5","44","27","21","58","15","3",".258",".332",".390",".721",".317","540.7","","4.42","0.11","1.59","15124"
"Jackie Bradley Jr.","MIL","128","522","458","108","22","2","19","65","58","51","134","10","4",".236",".323",".414",".737",".317","426.2","","4.31","0.25","0.62","12984"
"Starlin Castro","WSN","127","538","502","137","25","3","18","63","66","28","98","2","1",".272",".312",".436",".748",".317","454.2","","3.42","0.87","0.59","4579"
"Taylor Ward","LAA","32","121","108","27","5","0","3","15","13","12","33","2","0",".249",".329",".394",".724",".317","599.9","","6.89","0.65","1.61","17548"
"Christian Vazquez","BOS","119","464","426","111","21","1","15","54","55","32","94","6","3",".260",".315",".422",".736",".317","151.1","","3.99","0.22","0.50","9774"
"Avisail Garcia","MIL","104","436","396","102","19","1","15","50","52","31","105","4","3",".259",".321",".422",".743",".317","413.4","","3.59","0.33","0.56","5760"
"Yoenis Cespedes","","19","80","73","17","3","0","4","10","12","6","25","0","0",".236",".299",".464",".763",".317","596.6","","4.52","-0.47","1.64","13110"
"Javier Baez","CHC","152","633","594","154","31","4","28","84","88","29","181","11","5",".259",".298",".465",".763",".317","71.8","","2.62","-0.98","0.44","12979"
"Matt Beaty","LAD","38","139","128","33","7","0","4","17","17","9","24","1","0",".258",".317",".416",".733",".317","601.0","","2.40","2.69","1.51","17710"
"Maikel Franco","BAL","123","491","450","114","21","1","21","52","67","35","75","1","1",".253",".306",".445",".752",".317","440.9","","1.93","-0.52","0.55","12179"
"Enrique Hernandez","BOS","121","449","404","99","22","2","17","58","58","36","91","3","1",".244",".309",".435",".744",".317","377.1","","2.48","0.55","0.16","10472"
"Franchy Cordero","BOS","107","395","354","85","20","3","15","52","50","32","104","8","3",".241",".304",".440",".744",".316","466.3","","2.75","-0.16","0.59","14567"
"Lorenzo Cain","MIL","120","515","460","124","22","2","10","66","44","47","85","11","5",".270",".343",".390",".733",".316","298.1","","2.89","-0.59","1.05","9077"
"Kevin Padlo","TBR","7","27","23","5","1","0","1","3","3","3","8","1","0",".218",".324",".393",".717",".316","999.0","","7.56","1.29","1.92","16593"
"Harrison Bader","STL","126","447","389","89","17","3","15","61","46","44","134","13","4",".229",".322",".405",".727",".316","550.8","","3.41","0.65","0.91","18030"
"Bobby Bradley","CLE","56","230","207","47","10","0","12","27","31","20","79","0","0",".224",".296",".445",".742",".316","592.4","","5.53","0.88","0.94","17278"
"Jon Berti","MIA","102","413","359","90","16","2","7","54","36","43","98","24","5",".250",".342",".366",".707",".316","311.0","","6.32","-0.40","1.83","12037"
"David Bote","CHC","100","369","323","75","14","2","13","43","49","38","100","4","2",".232",".321",".404",".725",".315","542.2","","3.39","0.61","0.53","14593"
"David Fletcher","LAA","139","611","556","157","31","3","6","78","51","45","66","8","3",".282",".338",".380",".718",".315","235.9","","3.29","-0.57","1.29","17992"
"Willie Calhoun","TEX","116","473","430","107","21","2","18","51","60","33","75","1","1",".249",".305",".431",".736",".314","497.5","","4.96","-0.08","0.40","17838"
"Christian Arroyo","BOS","52","208","190","49","11","1","7","25","25","14","46","1","1",".255",".313",".424",".737",".314","600.7","","5.52","-0.62","1.26","16434"
"Harold Ramirez","CLE","17","70","65","17","3","0","2","8","8","4","14","0","0",".266",".316",".410",".726",".314","999.0","","5.72","2.24","1.80","14387"
"Chance Sisco","BAL","72","261","225","50","10","0","9","29","27","27","82","0","0",".220",".324",".386",".710",".314","571.1","","2.66","0.57","0.87","15694"
"Austin Listi","PHI","8","32","29","7","1","0","1","4","4","3","8","0","0",".236",".319",".397",".716",".314","999.0","","6.42","1.50","1.89","sa3004170"
"Andy Young","ARI","21","76","68","16","3","0","3","9","9","5","21","0","0",".236",".314",".408",".721",".314","999.0","","4.05","2.58","1.71","19521"
"Matt Adams","COL","15","55","51","11","2","0","3","6","8","4","17","0","0",".227",".287",".454",".741",".314","999.0","","3.38","2.16","1.74","9393"
"Adam Frazier","PIT","136","555","503","131","27","4","12","66","53","41","80","4","4",".261",".324",".400",".724",".314","523.2","","2.90","-0.10","0.50","15223"
"Mauricio Dubon","SFG","122","476","439","117","21","2","13","54","49","29","87","10","5",".266",".315",".413",".727",".314","294.9","","3.21","0.26","0.84","16530"
"Mike Tauchman","SFG","46","156","136","33","7","1","4","21","17","16","32","5","1",".241",".326",".393",".718",".314","581.8","","3.82","3.05","1.48","15274"
"Amed Rosario","CLE","114","453","427","117","21","5","11","55","49","20","90","9","5",".275",".310",".420",".730",".313","434.0","","2.11","2.47","0.97","15518"
"Yuli Gurriel","HOU","135","565","522","138","31","2","16","67","71","30","67","2","2",".265",".308",".424",".732",".313","358.7","","3.59","-0.24","0.46","19198"
"Austin Hays","BAL","113","466","432","111","20","2","17","61","50","26","97","7","4",".257",".304",".426",".730",".313","250.6","","4.13","1.58","0.48","19363"
"Edwin Encarnacion","","59","252","220","48","9","0","12","33","37","26","65","0","0",".216",".307",".429",".736",".313","596.5","","5.24","0.51","0.69","2151"
"Sam Hilliard","COL","109","426","389","90","16","4","18","52","48","33","141","11","3",".233",".297",".435",".732",".313","328.8","","4.60","-0.15","0.81","17954"
"Kurt Suzuki","LAA","69","267","238","60","12","0","8","30","36","19","38","1","0",".253",".318",".411",".729",".313","514.0","","1.98","-0.06","1.00","8259"
"Travis Shaw","MIL","84","326","284","64","12","0","13","35","39","37","87","1","1",".227",".320",".412",".732",".313","564.8","","5.46","-0.04","0.65","11982"
"Tommy Edman","STL","134","568","522","138","25","5","13","74","57","35","107","13","5",".264",".318",".404",".721",".313","129.2","","2.44","0.34","0.76","19470"
"Willi Castro","DET","130","542","496","132","23","5","13","64","61","30","130","6","3",".266",".314",".412",".726",".313","232.0","","4.23","1.59","0.52","17338"
"John Nogowski","STL","14","55","49","12","2","0","1","6","6","6","8","0","0",".249",".330",".380",".710",".313","999.0","","3.93","1.71","1.82","16852"
"Donovan Solano","SFG","128","507","474","134","27","2","7","54","55","25","95","1","1",".283",".323",".395",".719",".313","541.0","","3.09","-1.46","1.15","8623"
"Josh VanMeter","ARI","32","122","109","26","6","1","4","15","13","11","28","3","1",".239",".314",".406",".720",".312","601.0","","4.61","1.25","1.58","15170"
"Isaac Paredes","DET","52","200","180","46","9","1","4","21","20","17","33","1","1",".257",".326",".386",".712",".312","593.1","","4.43","0.63","1.40","20036"
"Kolten Wong","MIL","141","574","502","131","23","4","10","68","54","50","90","15","5",".261",".340",".381",".722",".312","244.8","","2.43","-0.47","1.00","12532"
"Ben Gamel","PIT","70","252","225","56","13","2","5","30","24","25","67","2","1",".250",".327",".386",".714",".312","999.0","","3.84","-0.22","1.16","12160"
"Aledmys Diaz","HOU","89","333","304","77","17","1","12","42","42","21","53","2","1",".254",".307",".427",".733",".312","599.6","","6.11","0.55","0.70","15937"
"Victor Robles","WSN","153","615","550","137","28","4","16","81","62","37","150","22","7",".250",".316",".402",".718",".312","118.7","","3.75","-1.99","1.24","18363"
"Chad Pinder","OAK","93","328","298","73","15","1","12","40","39","23","79","1","1",".243",".305",".417",".722",".312","581.0","","2.72","0.72","0.65","15191"
"Luis Urias","MIL","123","475","420","105","21","3","9","53","47","43","109","5","3",".250",".330",".376",".707",".311","492.4","","3.71","-1.71","0.55","16622"
"Pablo Sandoval","ATL","27","99","90","22","4","0","4","12","13","7","21","0","0",".245",".308",".414",".722",".311","600.7","","2.96","0.00","1.60","5409"
"Jake Cave","MIN","77","283","257","62","12","2","9","36","34","19","90","1","1",".242",".305",".417",".722",".311","599.1","","4.32","0.32","0.82","14477"
"Ryan O'Hearn","KCR","51","189","167","37","8","0","7","19","24","20","52","0","0",".223",".307",".412",".719",".311","600.1","","3.62","2.05","1.16","16442"
"Carter Kieboom","WSN","89","362","316","77","14","1","7","43","38","39","91","2","1",".243",".335",".363",".698",".311","527.6","","7.32","-0.60","0.65","19958"
"Michael Chavis","BOS","66","265","241","57","11","1","11","31","34","19","81","3","1",".236",".298",".427",".725",".311","540.3","","5.29","0.50","0.92","17321"
"Deivy Grullon","TBR","8","30","27","6","1","0","1","3","4","3","9","0","0",".230",".297",".426",".723",".311","598.5","","4.98","2.92","1.89","15988"
"Wyatt Mathisen","TBR","15","58","51","12","2","0","2","7","7","5","18","0","0",".230",".320",".385",".705",".310","999.0","","3.44","2.14","1.76","14555"
"Andrelton Simmons","MIN","129","539","499","138","27","2","9","66","55","33","55","10","3",".275",".324",".387",".711",".310","516.1","","2.40","-0.28","0.97","10847"
"Tyler O'Neill","STL","134","511","462","106","20","1","23","66","68","41","156","7","2",".229",".296",".428",".725",".310","382.9","","3.23","-1.10","0.74","15711"
"Andrew Vaughn","CHW","129","552","489","118","23","1","15","61","66","52","110","1","1",".242",".322",".386",".708",".310","999.0","","5.47","0.28","0.29","26197"
"Willians Astudillo","MIN","29","102","97","27","4","0","3","12","13","3","6","0","0",".275",".303",".423",".726",".310","580.7","","6.72","0.59","1.72","15608"
"Josh Rojas","ARI","96","404","359","89","19","3","8","50","40","38","83","11","5",".248",".321",".390",".711",".310","441.5","","9.46","0.79","1.01","19734"
"Ronald Guzman","TEX","67","249","222","52","10","1","9","28","29","22","70","2","1",".234",".310",".404",".714",".310","579.8","","2.94","1.02","0.99","14388"
"Buster Posey","SFG","104","420","376","99","19","1","7","44","43","36","62","1","1",".263",".333",".373",".706",".309","249.9","","1.12","-0.95","0.85","9166"
"Josh Reddick","ARI","88","346","314","81","15","1","9","38","38","28","58","2","1",".257",".317",".398",".715",".309","600.0","","6.39","-0.06","0.89","3892"
"Victor Caratini","SDP","84","288","256","63","13","1","7","29","33","26","63","0","0",".247",".324",".383",".707",".309","530.1","","2.00","-0.03","0.97","14968"
"Brandon Marsh","LAA","21","91","81","20","4","1","2","11","9","9","24","3","1",".245",".326",".373",".699",".309","590.6","","2.91","0.28","1.74","sa917944"
"Jake Bauers","CLE","87","350","305","70","17","1","10","41","38","38","90","5","3",".229",".318",".390",".707",".309","587.0","","2.80","0.80","0.71","15194"
"J.P. Crawford","SEA","138","587","514","126","24","4","10","73","56","60","117","14","4",".246",".330",".368",".698",".309","528.4","","2.27","0.43","0.92","15491"
"Adam Haseley","PHI","86","315","282","73","14","1","6","35","34","23","65","2","1",".259",".323",".384",".707",".309","592.6","","2.97","1.06","1.03","19878"
"Matt Kemp","","26","99","91","22","4","0","4","12","14","7","27","1","0",".247",".304",".435",".739",".309","999.0","","4.36","2.00","1.61","5631"
"Jeter Downs","BOS","14","62","56","14","3","0","2","7","7","5","14","2","0",".245",".309",".408",".717",".309","576.8","","6.79","3.49","1.84","sa3004615"
"Garrett Hampson","COL","108","421","383","97","17","4","10","51","36","31","112","17","5",".254",".312",".401",".713",".309","237.8","","4.22","-0.03","1.36","19262"
"James McCann","NYM","117","459","417","102","17","1","17","54","54","30","129","3","1",".244",".304",".412",".716",".309","179.2","","4.94","0.63","0.27","12859"
"Justin Williams","STL","41","153","140","35","6","0","5","17","18","12","40","1","1",".249",".313",".396",".709",".309","600.7","","3.46","0.01","1.46","15490"
"Christin Stewart","DET","14","53","47","11","2","0","2","6","6","5","14","0","0",".229",".308",".404",".713",".309","600.9","","4.23","2.91","1.79","17714"
"Brendan Rodgers","COL","90","355","330","84","19","2","10","40","42","19","84","3","1",".254",".304",".412",".716",".308","477.9","","4.51","-0.18","0.79","17907"
"Ramon Urias","BAL","70","265","238","58","13","1","7","29","28","21","60","2","1",".243",".316",".390",".706",".308","600.3","","5.28","1.48","1.05","18795"
"Evan Longoria","SFG","116","482","440","110","22","2","17","55","62","31","98","2","1",".250",".303",".421",".725",".308","541.9","","3.45","-0.97","0.28","9368"
"Stephen Piscotty","OAK","128","520","471","115","24","1","18","59","65","37","126","6","1",".244",".306",".414",".719",".308","549.7","","2.22","-0.82","0.32","13367"
"Derek Fisher","MIL","34","120","104","23","4","0","5","15","14","14","39","3","1",".220",".313",".408",".721",".308","600.7","","7.81","1.01","1.51","16192"
"Yan Gomes","WSN","97","381","345","84","17","1","13","41","45","27","88","2","1",".244",".305",".411",".716",".308","307.1","","2.99","0.20","0.56","9627"
"Leody Taveras","TEX","129","545","492","122","22","5","13","70","47","47","140","24","6",".249",".316",".392",".707",".308","205.8","","4.82","0.91","1.55","18900"
"Brian O'Grady","SDP","9","34","30","7","2","0","2","4","4","3","10","2","0",".217",".291",".429",".720",".308","999.0","","4.24","2.63","1.91","16729"
"Darick Hall","PHI","7","28","25","5","1","0","1","4","4","3","8","0","0",".222",".312",".389",".701",".308","999.0","","8.48","1.45","1.87","sa918293"
"Breyvic Valera","TOR","15","56","50","13","2","0","1","6","6","5","7","1","1",".254",".319",".388",".706",".308","999.0","","5.37","2.82","1.86","12758"
"Miguel Rojas","MIA","139","549","499","136","26","2","9","59","56","39","70","12","4",".272",".331",".383",".714",".308","522.1","","3.13","0.23","0.99","7802"
"Marwin Gonzalez","BOS","99","396","356","89","18","1","12","43","46","31","84","1","1",".249",".314",".402",".716",".308","522.0","","3.01","-1.27","0.56","5497"
"Matt Thaiss","LAA","7","28","25","6","1","0","1","3","3","3","7","0","0",".224",".299",".413",".712",".307","999.0","","3.77","4.24","1.90","19318"
"Luis Guillorme","NYM","63","210","183","47","9","1","2","22","20","23","41","4","1",".255",".339",".349",".687",".307","599.5","","3.04","1.20","1.46","16451"
"Nicky Delmonico","","9","34","30","7","2","0","1","4","4","4","7","0","0",".228",".315",".383",".698",".307","999.0","","1.82","0.70","1.87","13157"
"JaCoby Jones","DET","125","487","441","103","24","3","16","60","50","34","146","8","4",".234",".300",".411",".711",".307","542.7","","3.90","-1.59","0.59","14818"
"Brian Goodwin","CHW","42","161","144","33","8","1","5","18","18","14","47","4","1",".231",".306",".411",".716",".307","600.3","","5.57","0.75","1.43","12858"
"Johan Camargo","ATL","57","208","191","47","11","1","6","25","25","14","46","0","0",".248",".304",".412",".717",".307","599.3","","5.62","0.23","1.18","14950"
"Manuel Margot","TBR","119","450","409","103","21","3","10","56","44","35","83","23","7",".253",".313",".392",".705",".307","246.6","","2.04","0.39","1.59","14712"
"David Dahl","TEX","103","424","389","95","19","4","14","50","49","27","118","5","2",".245",".298",".419",".716",".307","335.1","","3.52","1.62","0.42","13744"
"Yusniel Diaz","BAL","52","216","194","47","9","1","6","25","23","19","49","2","2",".242",".312",".394",".705",".306","999.0","","4.57","0.93","1.22","sa912848"
"Andres Gimenez","CLE","141","527","482","124","24","5","11","66","51","28","111","26","8",".257",".312",".393",".705",".306","142.6","","3.48","-0.38","1.64","19950"
"Nick Ahmed","ARI","143","575","522","130","27","4","15","67","68","44","115","7","3",".249",".309",".405",".714",".306","513.7","","2.38","-0.02","0.32","12147"
"Nomar Mazara","DET","107","429","392","98","19","1","14","51","53","30","103","1","1",".251",".310",".414",".724",".306","550.6","","2.37","-0.42","0.36","14553"
"Alex Avila","WSN","64","217","181","37","7","0","7","22","22","32","77","0","0",".207",".334",".361",".695",".306","599.6","","2.71","0.01","1.04","7476"
"Travis Demeritte","ATL","15","46","40","9","2","0","1","6","5","5","16","0","0",".221",".313",".383",".695",".306","999.0","","5.95","1.61","1.80","15958"
"Nick Williams","CHW","7","25","23","5","1","0","1","3","3","2","8","0","0",".234",".295",".414",".709",".306","999.0","","5.87","2.73","1.92","14330"
"Billy McKinney","NYM","19","69","62","14","3","0","3","8","7","6","15","0","0",".226",".296",".413",".709",".305","601.0","","5.09","2.01","1.71","15654"
"Manny Pina","MIL","55","190","171","41","8","1","6","19","21","13","44","0","0",".239",".307",".395",".702",".305","599.1","","2.12","-2.04","1.29","2829"
"Greg Garcia","PHI","27","62","53","12","2","1","1","7","5","7","13","1","0",".238",".332",".350",".682",".305","999.0","","1.36","1.95","1.80","10951"
"Jake Fraley","SEA","39","158","144","34","8","1","4","19","18","11","44","6","2",".237",".300",".406",".706",".305","600.8","","6.53","-0.01","1.52","19260"
"Jose Iglesias","LAA","130","517","487","135","28","2","8","56","58","19","65","4","3",".276",".311",".393",".704",".305","541.1","","4.04","0.11","0.93","10231"
"Curt Casali","SFG","53","181","159","37","6","0","6","18","20","18","47","1","1",".231",".315",".378",".693",".304","597.1","","2.02","0.57","1.30","12510"
"Evan White","SEA","132","536","486","112","20","2","21","61","67","42","172","3","2",".231",".297",".410",".706",".304","517.5","","5.38","-0.69","0.63","20078"
"Chas McCormick","HOU","50","192","169","41","7","1","4","22","20","19","33","5","1",".242",".322",".370",".692",".304","999.0","","3.36","1.10","1.42","19599"
"Steven Souza Jr.","LAD","16","55","49","11","2","0","2","6","7","6","21","2","0",".217",".314",".397",".710",".304","601.0","","4.78","1.28","1.79","5667"
"Victor Reyes","DET","122","486","457","124","21","5","8","61","43","23","99","17","5",".272",".310",".393",".703",".304","337.5","","3.31","0.46","1.40","15487"
"Daniel Johnson Jr.","CLE","42","166","152","37","8","1","5","19","18","11","44","3","1",".243",".301",".402",".703",".304","599.8","","4.83","0.84","1.44","19643"
"Andrew Knizner","STL","58","209","189","49","9","0","5","22","24","13","41","1","1",".258",".310",".393",".703",".304","577.8","","2.95","0.14","1.34","19514"
"Andrew Stevenson","WSN","69","249","225","58","11","2","4","30","26","18","66","7","2",".256",".315",".380",".696",".304","580.6","","5.09","0.57","1.35","17932"
"Adley Rutschman","BAL","30","119","106","25","6","0","3","13","16","11","27","0","0",".237",".312",".386",".698",".303","526.4","","6.19","1.24","1.50","sa3011643"
"Mark Payton","CIN","21","81","74","18","3","0","3","10","9","6","19","2","0",".237",".300",".402",".702",".303","999.0","","4.55","0.75","1.71","16042"
"Pedro Severino","BAL","95","355","320","77","12","1","11","36","40","29","78","2","1",".239",".307",".391",".698",".303","395.0","","3.34","0.08","0.68","14523"
"Joey Wendle","TBR","112","446","407","106","22","3","7","52","43","25","85","15","4",".261",".315",".384",".699",".303","383.5","","4.54","0.43","1.25","13853"
"Adalberto Mondesi","KCR","138","576","537","135","26","8","16","81","64","29","166","52","12",".252",".292",".418",".709",".303","25.1","","4.14","0.07","3.13","13769"
"Nico Hoerner","CHC","94","341","308","80","15","2","5","41","35","25","56","8","3",".261",".321",".370",".691",".303","522.9","","6.85","-0.95","1.15","21479"
"Kevin Plawecki","BOS","55","202","183","46","10","1","4","21","24","15","38","1","1",".250",".318",".380",".698",".303","595.1","","2.03","1.11","1.30","13807"
"Abraham Toro","HOU","45","173","155","36","8","1","4","22","21","14","37","1","0",".236",".311",".380",".691",".303","599.9","","5.53","1.12","1.27","19844"
"Andrew Knapp","PHI","53","172","148","34","7","1","4","18","18","21","49","0","0",".229",".330",".366",".696",".303","593.2","","1.56","0.16","1.32","14942"
"Danny Santana","BOS","17","68","62","15","4","1","2","9","8","4","21","2","1",".236",".291",".423",".714",".303","597.5","","5.84","4.26","1.77","10322"
"Phillip Evans","PIT","70","280","253","61","13","1","6","29","28","23","51","1","1",".242",".313",".375",".688",".302","600.9","","4.30","-0.48","0.99","12950"
"Jason Kipnis","ATL","17","58","51","12","3","0","2","6","7","5","14","1","0",".231",".305",".391",".696",".302","600.8","","6.04","2.46","1.79","9776"
"Ka'ai Tom","PIT","30","122","109","25","5","1","4","14","14","11","32","2","1",".228",".306",".390",".696",".302","999.0","","3.94","1.46","1.51","18136"
"Scott Kingery","PHI","84","333","304","71","16","2","11","39","34","22","92","6","2",".235",".293",".410",".703",".302","486.3","","4.84","-1.09","0.84","17975"
"Dexter Fowler","LAA","99","389","338","76","15","1","12","48","45","44","102","5","2",".224",".319",".383",".702",".302","593.4","","2.94","3.28","0.47","4062"
"Cameron Maybin","NYM","18","57","51","12","2","0","1","7","5","5","14","2","0",".242",".319",".370",".689",".302","999.0","","3.95","1.05","1.86","5223"
"Oneil Cruz","PIT","9","34","31","8","2","0","1","3","4","3","9","1","0",".246",".307",".385",".692",".302","999.0","","4.96","1.02","1.92","sa917318"
"Jace Peterson","MIL","7","24","21","5","1","0","1","3","2","3","6","1","0",".234",".329",".368",".697",".302","999.0","","2.76","3.64","1.95","12325"
"Dom Nunez","COL","56","219","193","42","8","1","8","24","24","21","62","2","1",".218",".300",".400",".700",".302","580.3","","2.46","-0.54","1.09","15055"
"Stuart Fairchild","ARI","9","39","35","8","2","0","1","4","4","3","9","1","0",".239",".311",".378",".690",".302","999.0","","2.55","2.90","1.90","sa829822"
"Jed Lowrie","OAK","56","228","204","49","12","1","6","27","25","22","47","1","0",".241",".316",".390",".705",".301","598.3","","5.37","-0.69","1.09","4418"
"Yadiel Hernandez","WSN","13","49","44","11","2","0","2","6","6","4","14","0","0",".244",".306",".394",".700",".301","999.0","","4.50","3.19","1.83","19334"
"Zack Cozart","","11","46","41","10","2","0","1","5","5","3","8","0","0",".238",".307",".387",".693",".301","999.0","","1.89","3.05","1.84","2616"
"Elias Diaz","COL","92","327","301","78","15","0","7","32","35","22","59","1","0",".260",".312",".378",".690",".301","377.5","","5.10","-0.41","1.04","11680"
"Welington Castillo","WSN","14","55","51","12","2","0","2","6","7","4","16","0","0",".232",".288",".413",".701",".301","999.0","","3.10","3.00","1.78","3256"
"Josh Fuentes","COL","93","367","346","90","20","2","9","42","46","14","98","3","1",".260",".294",".410",".703",".301","547.8","","7.85","-0.69","0.78","16885"
"Brandon Crawford","SFG","129","509","457","110","24","2","13","56","58","42","115","3","2",".241",".310",".389",".699",".301","573.0","","2.34","-0.59","0.18","5343"
"Kevin Pillar","NYM","85","338","317","80","18","1","10","42","39","15","59","7","2",".252",".292",".410",".702",".301","547.0","","6.10","1.12","0.91","12434"
"Tyler Flowers","","29","108","94","21","4","0","3","12","12","10","38","0","0",".219",".312",".373",".685",".301","600.8","","1.88","1.04","1.52","9134"
"Hanser Alberto","KCR","80","333","314","88","16","1","5","37","32","10","37","3","1",".280",".307",".388",".695",".301","585.0","","5.23","-0.15","1.34","11902"
"Cristian Pache","ATL","127","504","468","119","25","4","11","56","52","30","132","6","4",".254",".302",".394",".696",".301","999.0","","5.28","-0.13","0.46","19948"
"Rylan Bannon","BAL","21","84","76","18","4","0","2","9","9","7","19","1","0",".236",".307",".384",".691",".301","600.9","","4.05","2.43","1.71","sa3004162"
"Andrew Waters","ATL","15","64","59","15","4","1","1","7","6","4","19","2","0",".250",".300",".397",".697",".301","596.8","","4.44","2.52","1.83","sa3004378"
"Todd Frazier","","63","238","212","48","10","0","8","26","27","20","53","2","1",".227",".306",".386",".691",".301","598.8","","5.22","-0.03","1.02","785"
"Zach McKinstry","LAD","30","106","97","23","5","1","3","13","12","8","27","1","1",".237",".300",".393",".693",".301","600.3","","2.15","1.42","1.59","19392"
"Danny Mendick","CHW","56","210","189","46","8","1","5","23","20","17","45","3","2",".243",".312",".373",".684",".300","600.9","","5.93","0.24","1.33","18889"
"Phillip Ervin","ATL","19","55","48","11","2","0","1","6","6","5","14","1","0",".234",".320",".358",".677",".300","999.0","","5.51","1.29","1.82","14738"
"Tony Kemp","OAK","86","291","255","62","12","2","4","35","23","27","43","7","3",".244",".323",".355",".679",".300","599.6","","3.84","0.98","1.26","14894"
"Rio Ruiz","COL","96","376","339","80","16","1","12","40","45","32","82","1","1",".235",".303",".392",".695",".300","586.1","","6.36","-0.49","0.49","14103"
"LaMonte Wade Jr.","SFG","13","49","42","10","2","0","1","6","4","6","9","1","0",".232",".331",".334",".666",".300","999.0","","2.48","2.28","1.87","18126"
"Tyler Naquin","CIN","49","180","169","44","7","1","5","21","24","8","49","1","1",".263",".299",".398",".697",".300","600.6","","5.45","0.22","1.40","13359"
"Yairo Munoz","BOS","12","43","41","11","2","0","1","5","4","2","10","2","0",".260",".298",".399",".697",".300","600.7","","5.01","3.17","1.92","16313"
"Oscar Mercado","CLE","69","265","240","59","12","1","7","32","25","17","58","10","3",".247",".302",".390",".692",".300","515.7","","5.57","0.41","1.39","16375"
"Kevin Newman","PIT","122","508","467","125","23","3","6","52","44","30","66","9","5",".267",".316",".370",".685",".300","517.9","","5.90","-1.00","1.04","17696"
"Jake Lamb","CHW","21","81","70","15","3","0","3","9","10","9","22","0","0",".216",".311",".390",".700",".300","596.9","","3.56","2.09","1.63","13329"
"Robel Garcia","HOU","17","67","60","13","3","0","3","9","9","6","24","1","0",".213",".287",".413",".699",".300","999.0","","5.05","2.43","1.67","13167"
"Niko Goodrum","DET","102","426","382","87","19","3","12","48","45","39","135","13","3",".228",".301",".390",".690",".299","544.1","","4.69","-0.16","1.03","12092"
"Keibert Ruiz","LAD","10","40","37","9","2","0","1","4","5","2","5","0","0",".255",".309",".378",".687",".299","598.4","","3.55","3.63","1.88","19610"
"Leury Garcia","CHW","93","381","354","94","15","2","7","46","35","17","79","7","3",".265",".306",".383",".688",".299","590.1","","3.74","0.43","1.07","5913"
"Anderson Tejeda","TEX","36","137","128","31","6","1","4","15","15","8","46","5","1",".240",".287",".411",".698",".299","598.0","","6.78","0.63","1.61","19909"
"Tyrone Taylor","MIL","34","104","96","22","5","0","4","11","12","6","24","1","0",".234",".285",".412",".697",".299","600.6","","5.34","1.41","1.61","13675"
"Jonathan Villar","NYM","90","364","327","79","13","1","9","44","33","32","96","20","6",".242",".312",".371",".683",".299","243.5","","5.41","0.54","1.69","10071"
"Max Stassi","LAA","88","316","278","62","11","0","11","32","37","29","83","0","0",".223",".303",".381",".684",".299","424.3","","2.26","0.51","0.67","10059"
"Jarren Duran","BOS","44","185","171","45","9","2","2","23","15","11","44","11","2",".261",".311",".375",".685",".298","570.1","","4.50","2.30","1.82","sa3006786"
"Tyler Heineman","STL","12","43","39","9","2","0","1","4","4","3","7","0","0",".242",".299",".388",".687",".298","999.0","","2.17","0.54","1.88","13897"
"Luis Gonzalez","CHW","12","28","25","6","1","0","1","3","3","2","9","0","0",".224",".310",".363",".673",".298","999.0","","3.36","2.92","1.91","20332"
"Joe Panik","TOR","30","120","107","27","5","0","2","15","11","11","17","1","0",".251",".324",".359",".683",".298","599.6","","2.54","2.30","1.61","11936"
"Jason Castro","HOU","71","263","230","48","11","0","9","30","29","29","88","0","0",".210",".303",".380",".683",".298","577.7","","3.75","0.36","0.76","8722"
"Vidal Brujan","TBR","17","72","65","17","3","1","1","9","7","6","12","5","1",".253",".318",".359",".677",".298","999.0","","5.00","4.32","1.93","sa872786"
"Austin Barnes","LAD","68","246","212","47","9","1","5","30","25","27","59","4","1",".224",".321",".352",".672",".298","560.9","","1.34","-0.07","1.07","12158"
"Tucker Barnhart","CIN","105","379","334","77","15","1","11","37","41","40","85","1","1",".230",".315",".378",".692",".298","549.8","","2.26","-0.64","0.53","10200"
"Stephen Vogt","ARI","50","180","162","37","9","1","6","18","21","14","40","1","1",".231",".294",".403",".697",".298","599.5","","1.29","-0.98","1.28","5000"
"Shed Long","SEA","57","229","207","48","10","1","6","26","22","19","62","6","2",".233",".302",".378",".681",".298","599.8","","2.24","1.63","1.27","16542"
"Kyle Higashioka","NYY","57","205","192","43","8","0","11","23","30","10","53","0","0",".223",".266",".438",".705",".297","565.6","","2.85","0.50","1.01","5517"
"Isiah Kiner-Falefa","TEX","141","571","519","135","23","4","7","65","45","38","94","14","5",".259",".317",".357",".675",".297","305.5","","3.29","-0.37","1.14","16512"
"Logan Forsythe","MIL","17","65","57","13","3","0","1","7","6","7","17","0","0",".225",".319",".356",".676",".297","999.0","","0.87","-0.38","1.76","7185"
"Isan Diaz","MIA","48","174","155","34","7","1","5","20","19","17","49","2","1",".220",".303",".375",".679",".297","599.0","","3.88","1.79","1.26","17922"
"Chris Owings","COL","40","144","133","31","6","1","4","16","15","10","42","3","1",".237",".293",".394",".687",".297","599.1","","3.42","2.05","1.53","10030"
"Lane Thomas","STL","31","107","97","22","4","1","3","12","12","9","30","2","1",".225",".296",".387",".683",".297","598.0","","3.01","1.15","1.60","16939"
"Daniel Robertson","MIL","40","145","126","29","6","1","2","15","13","15","36","1","1",".234",".330",".344",".674",".297","999.0","","2.70","-0.55","1.50","14145"
"Heliot Ramos","SFG","24","98","89","21","4","0","3","11","11","7","29","1","1",".238",".300",".386",".685",".297","999.0","","3.65","2.48","1.66","sa3004693"
"Odubel Herrera","PHI","51","207","189","45","9","1","6","24","24","15","46","2","1",".239",".300",".386",".687",".297","553.3","","6.22","1.60","1.21","11476"
"Jose Marmolejos","SEA","54","207","190","44","9","0","7","22","25","14","54","0","0",".232",".289",".399",".688",".297","599.9","","5.76","0.80","1.13","15767"
"Edward Olivares","KCR","55","209","194","48","9","1","5","24","22","11","45","5","2",".249",".297",".390",".687",".297","593.4","","5.55","0.74","1.39","19698"
"Freddy Galvis","BAL","125","493","455","109","20","2","16","53","53","31","105","4","2",".240",".293",".398",".692",".297","546.3","","3.59","-0.03","0.34","6609"
"Jake Marisnick","CHC","73","230","210","49","10","1","8","31","26","14","71","5","2",".232",".290",".407",".697",".296","600.5","","3.08","0.18","1.09","11339"
"Kevin Kiermaier","TBR","119","460","416","96","18","6","12","55","51","36","112","18","5",".230",".299",".388",".688",".296","540.8","","2.56","0.29","1.28","11038"
"Austin Allen","OAK","10","35","32","8","2","0","1","4","4","2","9","0","0",".234",".286",".403",".689",".296","600.4","","4.50","2.65","1.88","18083"
"Tom Murphy","SEA","94","359","331","74","14","1","15","37","44","23","119","2","1",".223",".279",".413",".692",".296","345.6","","1.82","2.30","0.63","13499"
"Elvis Andrus","OAK","135","568","525","133","27","3","12","65","55","35","85","18","6",".253",".302",".380",".682",".296","389.5","","3.75","-0.22","1.06","8709"
"Gregory Polanco","PIT","114","454","407","88","21","2","18","50","58","40","136","8","2",".218",".290",".409",".699",".296","417.0","","5.19","-1.01","0.83","12907"
"Brock Holt","TEX","82","309","272","65","12","1","4","33","27","30","66","3","1",".241",".323",".339",".662",".296","600.1","","2.94","-1.14","0.99","9345"
"Jacob Stallings","PIT","102","375","337","82","17","0","8","37","39","29","89","0","1",".245",".309",".370",".679",".296","497.0","","2.30","0.75","0.69","13723"
"Ildemaro Vargas","ARI","25","88","82","22","4","1","1","9","9","5","11","1","0",".265",".307",".372",".679",".296","999.0","","3.21","2.63","1.78","13324"
"Scott Heineman","CIN","8","31","29","7","1","0","1","4","3","2","9","1","0",".242",".303",".372",".675",".295","999.0","","3.73","3.22","1.93","14453"
"Caleb Raleigh","SEA","7","30","27","6","1","0","1","3","4","2","9","0","0",".222",".285",".405",".690",".295","999.0","","5.18","3.86","1.89","sa3008377"
"Jonah Heim","TEX","48","181","165","40","8","0","4","19","20","14","29","0","0",".245",".308",".365",".673",".295","593.1","","2.26","0.09","1.34","16930"
"Matt Davidson","LAD","11","33","30","7","1","0","2","3","5","2","10","0","0",".217",".278",".408",".687",".295","999.0","","11.45","0.62","1.86","7226"
"Dustin Fowler","PIT","56","229","213","52","11","2","6","26","25","12","57","5","1",".244",".288",".400",".688",".295","600.6","","7.05","-0.32","1.25","17098"
"Troy Stokes Jr.","PIT","9","33","29","6","1","0","1","4","3","3","9","1","0",".213",".303",".364",".666",".295","999.0","","6.74","0.62","1.90","17478"
"Jo Adell","LAA","81","329","303","70","16","1","10","37","34","22","108","3","1",".232",".290",".391",".680",".295","465.0","","5.08","0.79","0.74","20220"
"Kevan Smith","ATL","12","40","36","9","2","0","1","4","4","3","8","0","0",".252",".314",".352",".665",".295","999.0","","2.05","2.27","1.90","12284"
"Luis Garcia","WSN","76","304","289","78","14","1","5","35","29","12","57","4","2",".269",".300",".380",".680",".294","588.9","","7.71","0.47","1.26","20391"
"Abraham Almonte","ATL","16","42","38","8","2","0","1","5","3","4","11","2","0",".214",".296",".377",".673",".294","999.0","","3.42","2.19","1.88","5486"
"Francisco Mejia","TBR","68","238","220","52","11","1","8","26","26","13","51","0","0",".238",".291",".399",".691",".294","505.6","","1.85","0.32","1.06","16403"
"Josh Harrison","WSN","83","314","284","70","13","1","7","34","31","19","55","4","2",".248",".306",".378",".684",".294","589.8","","2.39","-1.59","1.00","8202"
"Kyle Garlick","MIN","28","97","90","20","5","0","4","11","12","6","33","0","0",".221",".277",".408",".685",".294","600.3","","2.99","0.93","1.55","18063"
"Joey Bart","SFG","38","145","135","32","6","1","4","17","15","7","43","0","0",".241",".289",".391",".680",".294","533.3","","2.92","0.57","1.45","21524"
"Pat Valaika","BAL","64","215","201","47","9","1","8","24","22","12","55","1","1",".234",".280",".405",".684",".294","572.9","","4.65","2.38","1.14","14885"
"Mark Trumbo","","7","25","23","5","1","0","1","3","3","2","6","0","0",".226",".278",".406",".684",".294","999.0","","7.55","1.39","1.91","6876"
"Taylor Trammell","SEA","88","351","308","69","12","2","7","38","31","37","93","11","3",".225",".313",".346",".660",".294","499.5","","4.61","0.72","1.17","19960"
"Yadier Molina","STL","93","366","339","87","15","0","9","36","43","18","53","2","1",".257",".302",".384",".686",".293","267.6","","1.21","-0.35","0.85","7007"
"Matt Duffy","CHC","11","47","42","11","2","0","0","5","4","4","8","0","0",".253",".319",".343",".661",".293","999.0","","3.60","3.83","1.89","13836"
"Kyle Farmer","CIN","62","198","182","44","10","1","5","20","21","12","45","2","1",".241",".296",".380",".675",".293","596.5","","2.83","0.59","1.35","14813"
"Myles Straw","HOU","121","454","409","104","17","3","3","55","36","41","96","28","7",".254",".325",".331",".655",".293","261.3","","3.50","-0.49","2.20","17620"
"Adam Engel","CHW","89","313","288","68","14","2","8","35","31","17","83","6","2",".237",".292",".383",".674",".293","593.8","","2.57","-0.06","0.98","15082"
"Eric Sogard","CHC","37","145","128","31","6","0","2","15","13","13","23","1","1",".244",".318",".347",".666",".293","599.4","","2.64","0.85","1.55","7927"
"Taylor Jones","HOU","9","37","34","8","2","0","1","4","4","3","10","0","0",".224",".295",".376",".671",".293","999.0","","3.43","3.95","1.85","19533"
"Vimael Machin","OAK","32","123","109","26","5","0","1","13","10","13","20","1","0",".241",".323",".331",".654",".293","999.0","","2.02","1.99","1.62","17684"
"Travis Blankenhorn","SEA","8","33","31","7","2","0","1","3","4","2","7","0","0",".239",".293",".381",".674",".293","598.5","","3.80","3.11","1.90","18395"
"Andy Ibanez","TEX","14","57","52","12","3","0","1","6","5","4","12","1","0",".241",".301",".373",".674",".293","999.0","","0.69","0.64","1.83","18819"
"Alex Blandino","CIN","24","96","81","17","4","0","2","11","8","11","28","1","0",".212",".316",".337",".653",".293","999.0","","2.30","1.21","1.61","16271"
"Neil Walker","","13","46","41","10","2","0","1","5","5","4","11","0","0",".237",".313",".368",".681",".292","999.0","","2.20","2.16","1.84","7539"
"Jorge Alfaro","MIA","100","371","343","82","14","1","12","37","44","18","127","4","2",".238",".292",".386",".678",".292","259.2","","3.96","0.11","0.69","12180"
"Gerardo Parra","WSN","13","53","48","12","2","0","1","6","6","3","10","1","0",".249",".304",".366",".669",".292","999.0","","2.12","1.12","1.85","8553"
"Rougned Odor","NYY","83","314","285","60","13","1","16","39","49","23","92","4","3",".209",".275",".429",".703",".292","553.2","","9.42","-0.31","0.67","12282"
"Alex Jackson","ATL","27","92","84","17","4","0","4","11","12","5","35","0","0",".207",".271",".411",".682",".292","599.8","","4.27","1.17","1.52","17276"
"Jonathan Davis","TOR","20","75","66","15","3","0","2","9","7","6","21","2","0",".222",".305",".357",".661",".292","999.0","","3.62","2.08","1.74","15104"
"Robinson Chirinos","NYY","16","53","46","10","2","0","2","6","7","5","15","0","0",".213",".302",".358",".660",".292","999.0","","2.91","2.10","1.75","3142"
"Samuel Huff","TEX","21","77","73","17","3","0","3","9","9","4","28","0","0",".230",".278",".399",".677",".292","999.0","","5.78","1.35","1.69","22209"
"Bradley Zimmer","CLE","49","170","150","34","7","0","4","19","15","15","57","6","1",".224",".307",".365",".672",".292","599.6","","5.73","0.74","1.51","16221"
"Luis Torrens","SEA","82","303","274","68","15","1","6","28","31","24","61","1","1",".247",".311",".369",".680",".292","562.7","","2.31","0.99","1.00","15905"
"Jared Oliva","PIT","63","243","222","54","11","2","3","26","20","17","61","12","3",".244",".305",".358",".663",".291","999.0","","9.63","0.45","1.68","19968"
"Bret Boswell","COL","7","30","28","6","1","0","1","3","3","2","10","0","0",".230",".283",".393",".677",".291","999.0","","4.19","3.36","1.90","sa918769"
"Rafael Ortega","CHC","11","45","41","10","2","0","1","5","4","4","9","1","0",".235",".304",".358",".662",".291","999.0","","5.24","3.32","1.88","10323"
"Orlando Arcia","ATL","121","457","419","104","19","2","12","46","49","31","88","6","3",".248",".302",".386",".688",".291","576.2","","2.49","-1.37","0.58","13185"
"Luis Rengifo","LAA","23","86","75","17","3","0","1","10","7","8","19","2","1",".228",".313",".337",".650",".290","600.9","","3.12","3.33","1.73","19858"
"Joshua Palacios","TOR","10","43","39","9","2","0","1","5","4","4","11","1","0",".235",".302",".359",".661",".290","999.0","","3.12","3.15","1.88","19818"
"Greg Allen","NYY","10","28","25","6","1","0","1","4","3","2","7","2","0",".238",".303",".356",".659",".290","999.0","","5.62","2.27","1.96","16623"
"Cedric Mullins II","BAL","90","355","320","76","15","3","7","41","30","24","72","13","3",".239",".296",".369",".665",".290","476.3","","5.05","0.29","1.29","17929"
"Martin Maldonado","HOU","97","357","313","66","12","0","11","39","39","33","98","1","1",".212",".300",".356",".657",".290","549.1","","1.80","0.55","0.48","6887"
"Jazz Chisholm","MIA","122","467","418","88","15","4","16","54","51","42","149","14","4",".209",".288",".375",".663",".289","999.0","","3.68","0.17","1.21","20454"
"Jonathan Arauz","BOS","7","28","26","6","2","0","0","3","3","2","6","0","0",".238",".298",".364",".662",".289","600.2","","2.99","3.58","1.92","20275"
"Tyler Wade","NYY","67","219","195","45","9","1","4","29","20","19","52","8","2",".229",".303",".351",".655",".289","599.8","","3.87","0.66","1.35","15730"
"Lewin Diaz","MIA","15","58","54","12","3","0","2","6","7","3","14","0","0",".231",".277",".400",".676",".289","999.0","","2.51","2.38","1.77","18365"
"Donovan Walton","SEA","7","29","26","6","1","0","0","3","2","3","6","0","0",".244",".315",".333",".647",".289","999.0","","3.45","1.62","1.93","19314"
"Daz Cameron","DET","19","77","70","16","3","1","2","8","7","6","22","2","1",".224",".296",".362",".658",".289","600.9","","2.94","2.56","1.75","18353"
"Yolmer Sanchez","ATL","54","195","176","44","11","1","2","19","16","15","43","1","1",".249",".312",".362",".673",".289","599.8","","5.67","1.03","1.45","11602"
"Sheldon Neuse","LAD","10","43","39","9","2","0","1","4","4","3","13","0","0",".237",".287",".381",".669",".288","600.9","","5.70","4.23","1.86","19635"
"Ehire Adrianza","ATL","41","142","127","30","6","1","2","17","13","12","30","1","1",".238",".308",".348",".656",".288","600.2","","3.59","-0.52","1.50","8418"
"Sean Rodriguez","","7","26","23","5","1","0","1","3","3","3","9","0","0",".211",".295",".380",".675",".288","999.0","","1.02","0.80","1.90","6589"
"Ender Inciarte","ATL","74","284","253","61","11","2","4","34","26","24","48","9","3",".242",".312",".347",".659",".288","598.9","","2.93","1.68","1.30","4922"
"Mickey Moniak","PHI","20","69","64","15","3","1","2","8","8","5","19","1","0",".230",".285",".380",".665",".288","999.0","","3.07","3.97","1.75","19956"
"Yu-Cheng Chang","CLE","28","93","84","18","4","0","3","11","10","8","26","1","0",".218",".293",".362",".655",".287","600.5","","3.83","1.37","1.60","14773"
"Zack Short","DET","5","20","18","4","1","0","1","2","2","2","6","0","0",".207",".297",".354",".651",".287","999.0","","3.47","3.58","1.93","19562"
"Nicky Lopez","KCR","70","277","250","62","11","2","2","29","22","21","43","2","2",".249",".312",".332",".644",".287","599.3","","3.37","0.03","1.24","19339"
"Michael A. Taylor","KCR","93","321","294","67","16","1","9","36","35","23","94","7","3",".228",".287",".388",".675",".287","555.6","","2.07","1.10","0.94","11489"
"Jordy Mercer","WSN","23","88","80","19","4","0","2","9","9","6","17","0","0",".239",".299",".374",".673",".286","999.0","","3.92","2.53","1.69","6547"
"William Contreras","ATL","18","68","63","15","3","0","1","7","7","5","17","0","0",".244",".300",".352",".652",".286","596.5","","2.35","0.19","1.77","20503"
"Franklin Barreto","LAA","25","87","80","18","4","0","3","11","10","5","31","2","1",".218",".276",".386",".661",".286","600.9","","3.73","3.39","1.65","15519"
"Jason Martin","TEX","6","23","21","5","1","0","0","3","2","2","6","0","0",".236",".294",".359",".652",".285","999.0","","3.89","3.43","1.94","16429"
"Tim Lopes","MIL","16","58","53","13","3","0","0","6","6","4","12","2","1",".251",".307",".335",".642",".285","999.0","","6.04","2.69","1.88","14137"
"Anthony Alford","PIT","90","322","293","66","13","2","7","35","31","24","99","16","4",".224",".292",".355",".647",".285","580.0","","4.18","0.33","1.52","14329"
"Albert Pujols","LAD","79","335","310","72","13","0","12","35","46","20","50","1","0",".232",".281",".391",".672",".284","579.6","","4.15","-0.04","0.61","1177"
"Jonathan Lucroy","ATL","25","92","83","19","3","0","2","10","10","7","15","0","0",".233",".298",".355",".652",".284","600.4","","3.33","1.26","1.63","7870"
"Edmundo Sosa","STL","24","93","87","21","4","0","2","11","9","4","20","1","0",".242",".289",".362",".651",".284","999.0","","4.28","2.11","1.69","17022"
"Matt Wieters","","24","83","74","16","3","0","3","8","10","7","20","0","0",".220",".290",".376",".666",".283","999.0","","0.58","1.60","1.65","4298"
"Yermin Mercedes","CHW","9","28","25","6","1","0","1","3","4","2","5","0","0",".224",".284",".369",".653",".283","600.6","","3.67","2.48","1.88","17423"
"Jorge Bonifacio","PHI","10","36","32","7","1","0","1","4","4","2","10","0","0",".224",".284",".365",".649",".283","999.0","","5.67","1.24","1.87","12174"
"Thairo Estrada","SFG","17","60","55","13","2","0","2","7","6","3","14","1","0",".235",".281",".369",".650",".283","999.0","","2.07","3.85","1.80","16426"
"Skye Bolt","OAK","6","22","20","4","1","0","1","3","3","2","7","1","0",".212",".283",".362",".645",".282","999.0","","3.36","2.49","1.92","17723"
"Santiago Espinal","TOR","11","41","37","10","2","0","0","5","4","2","8","1","0",".256",".301",".342",".644",".282","999.0","","3.15","3.33","1.91","19997"
"Seth Brown","OAK","51","158","145","32","7","1","4","18","19","11","49","1","0",".222",".280",".369",".650",".282","600.9","","5.26","1.13","1.28","18171"
"Jake Rogers","DET","20","78","69","14","3","0","3","8","8","7","24","0","0",".202",".284",".358",".642",".282","600.6","","3.52","3.13","1.65","19452"
"Sam Haggerty","SEA","15","62","54","12","3","1","1","7","5","6","19","3","1",".217",".303",".327",".631",".282","600.7","","3.04","0.89","1.85","18054"
"P.J. Higgins","CHC","8","32","29","7","1","0","1","3","3","3","7","0","0",".228",".296",".344",".640",".282","999.0","","2.98","2.60","1.90","18433"
"Cam Gallagher","KCR","45","157","142","33","7","0","3","16","15","12","28","0","0",".236",".299",".339",".638",".282","598.7","","1.84","1.07","1.43","12981"
"Harold Castro","DET","47","178","168","43","6","1","2","17","16","9","38","2","1",".259",".296",".348",".644",".282","599.7","","3.40","0.55","1.55","14691"
"Elehuris Montero","COL","8","29","27","6","1","0","1","3","3","2","9","0","0",".224",".273",".378",".651",".282","599.0","","5.82","2.29","1.91","sa872477"
"Michael Hermosillo","CHC","13","34","30","6","1","0","1","4","3","3","9","2","0",".213",".296",".338",".635",".282","999.0","","4.19","1.55","1.94","16285"
"Chadwick Tromp","SFG","6","23","21","5","1","0","1","2","3","2","6","0","0",".239",".291",".355",".646",".281","600.9","","2.39","1.47","1.94","16953"
"Gavin Sheets","CHW","8","31","29","7","1","0","0","4","5","3","7","0","0",".246",".310",".316",".626",".281","999.0","","5.41","2.19","1.88","sa829797"
"Max Schrock","CIN","19","64","59","14","3","0","1","7","6","5","13","1","0",".242",".304",".329",".633",".281","999.0","","2.28","1.61","1.82","17750"
"Cole Tucker","PIT","54","201","183","42","9","1","3","23","18","15","47","4","1",".232",".292",".350",".642",".281","600.1","","2.36","1.33","1.33","17326"
"Hernan Perez","MIL","22","80","75","18","3","0","2","9","9","4","19","1","0",".243",".286",".383",".668",".281","999.0","","3.32","2.78","1.75","5751"
"Bryan Holaday","ARI","18","41","38","9","2","0","1","4","4","3","9","0","0",".225",".283",".360",".644",".281","999.0","","1.89","0.00","1.85","11287"
"Justin Bour","SFG","32","111","99","19","4","0","5","12","14","11","31","0","0",".196",".283",".380",".663",".281","999.0","","0.00","0.00","1.42","9744"
"Albert Almora Jr.","NYM","57","160","148","36","7","1","4","18","16","9","31","1","1",".244",".288",".371",".659",".281","600.7","","2.42","1.02","1.44","14109"
"Dustin Garneau","DET","12","41","36","7","2","0","1","4","4","4","12","0","0",".200",".284",".352",".636",".281","999.0","","1.88","1.28","1.83","9433"
"Delino DeShields","TEX","21","70","63","15","2","0","0","8","5","6","17","3","1",".242",".313",".311",".623",".281","600.7","","3.39","3.57","1.87","11379"
"Charlie Culberson","TEX","74","206","191","44","9","1","6","22","22","11","63","1","1",".228",".278",".370",".648",".281","999.0","","4.20","0.07","1.17","3298"
"Reese McGuire","TOR","27","96","87","20","4","0","3","10","10","7","20","0","0",".226",".282",".361",".643",".280","601.0","","3.22","1.07","1.62","15674"
"Sam Travis","SEA","6","23","21","5","1","0","0","2","2","2","6","0","0",".242",".298",".335",".633",".280","999.0","","6.55","1.60","1.95","16263"
"Roman Quinn","PHI","70","251","229","52","9","3","5","31","21","17","76","19","4",".226",".288",".350",".638",".280","564.9","","3.15","0.28","1.92","13546"
"Jahmai Jones","BAL","29","112","102","24","4","0","2","12","10","9","25","1","1",".231",".294",".339",".634",".280","600.9","","2.87","0.32","1.62","18872"
"Ronald Torreyes","PHI","11","37","35","9","2","0","1","4","4","1","5","0","0",".248",".280",".366",".646",".279","999.0","","2.24","1.58","1.90","11400"
"Luis Barrera","OAK","9","36","34","8","1","1","0","4","3","2","8","1","0",".252",".292",".349",".641",".279","999.0","","2.72","2.04","1.94","19615"
"Roberto Perez","CLE","99","371","324","66","11","1","11","34","37","36","116","0","0",".203",".289",".342",".630",".279","535.4","","2.94","-0.76","0.59","2900"
"Nick Gordon","MIN","5","20","19","5","1","0","0","2","2","1","5","0","0",".247",".296",".338",".635",".279","999.0","","5.06","3.89","1.96","16337"
"Rafael Marchan","PHI","8","30","28","7","2","0","0","3","3","2","5","0","0",".248",".299",".333",".632",".279","999.0","","1.45","0.93","1.92","21646"
"Jacob Nottingham","SEA","33","119","107","22","5","0","4","12","14","9","40","1","1",".203",".279",".354",".634",".278","600.5","","1.53","2.51","1.44","16448"
"Rene Rivera","CLE","7","23","21","5","1","0","1","2","3","1","8","0","0",".219",".277",".383",".660",".278","999.0","","2.01","2.90","1.92","3648"
"Dee Gordon","CHC","15","49","46","12","2","1","0","6","4","2","7","2","1",".265",".302",".329",".631",".278","578.9","","8.49","1.38","1.95","8203"
"Austin Romine","CHC","52","192","180","43","8","0","5","19","24","9","54","0","0",".239",".278",".364",".642",".278","595.3","","2.58","0.25","1.24","5491"
"Steven Duggar","SFG","14","51","46","11","2","0","1","5","4","4","14","1","1",".231",".297",".329",".626",".278","999.0","","2.36","3.36","1.86","17719"
"Sergio Alcantara","CHC","16","46","42","10","1","0","1","5","3","4","9","0","0",".232",".301",".320",".620",".278","999.0","","2.30","1.22","1.86","16417"
"Michael Perez","PIT","57","190","171","37","8","0","4","17","22","16","51","0","0",".219",".288",".343",".631",".278","600.8","","2.32","-0.04","1.19","12977"
"Brett Phillips","TBR","27","91","78","15","3","1","2","11","9","10","31","5","1",".197",".290",".354",".644",".277","600.9","","3.31","2.11","1.70","14735"
"Connor Chatham","PHI","10","40","38","10","2","0","1","4","5","2","9","0","0",".251",".284",".351",".636",".277","999.0","","3.67","1.21","1.89","sa873984"
"Micker Adolfo","CHW","6","26","24","5","1","0","1","3","3","2","10","0","0",".204",".272",".364",".636",".277","999.0","","1.45","1.57","1.89","sa830303"
"Juan Lagares","LAA","32","106","97","22","4","1","2","13","10","7","24","2","1",".232",".290",".344",".635",".277","999.0","","1.46","1.58","1.61","5384"
"Jose Peraza","NYM","7","27","25","6","1","0","0","3","2","1","4","0","0",".249",".294",".341",".635",".277","999.0","","4.48","3.55","1.95","13593"
"Jack Mayfield","SEA","11","33","31","7","2","0","1","4","4","2","9","0","0",".223",".271",".371",".641",".277","999.0","","6.40","2.41","1.88","15402"
"Guillermo Heredia","ATL","11","39","35","8","2","0","1","4","4","3","10","0","0",".228",".291",".356",".647",".277","999.0","","2.40","3.59","1.87","18721"
"Sherten Apostel","TEX","6","22","20","4","1","0","1","2","2","2","7","0","0",".206",".278",".351",".628",".276","600.4","","4.41","2.18","1.92","21794"
"Jose  Garcia","CIN","57","193","181","43","10","0","3","20","18","8","54","4","2",".236",".281",".350",".631",".276","598.9","","2.24","-0.01","1.39","23378"
"Magneuris Sierra","MIA","32","123","113","28","5","1","1","14","9","7","24","6","2",".247",".293",".335",".628",".276","600.6","","5.50","0.80","1.83","17023"
"Mike Zunino","TBR","92","328","298","56","12","0","14","33","40","23","123","0","0",".188",".260",".377",".637",".276","571.2","","3.07","-0.41","0.78","13265"
"Meibrys Viloria","KCR","13","42","38","9","2","0","1","4","4","3","11","0","0",".231",".296",".322",".618",".275","999.0","","1.98","1.41","1.88","17109"
"Lewis Brinson","MIA","71","251","231","50","10","2","6","27","26","15","73","6","1",".218",".275",".359",".634",".275","596.9","","4.37","0.66","1.13","14352"
"Monte Harrison","MIA","15","50","46","9","2","0","1","6","5","4","20","4","0",".207",".276",".351",".626",".275","598.9","","3.92","2.39","1.89","17216"
"Adolis Garcia","TEX","21","76","72","15","3","0","3","8","9","3","27","1","1",".212",".254",".388",".642",".274","598.2","","4.19","3.80","1.68","19287"
"Kevin Kramer","PIT","10","37","33","7","2","0","1","3","4","3","11","0","1",".226",".285",".342",".627",".274","999.0","","6.06","2.08","1.88","17689"
"Ronnie Dawson","","10","44","39","8","2","0","1","5","4","3","15","1","0",".203",".273",".355",".628",".274","999.0","","4.22","3.47","1.85","19710"
"Austin Hedges","CLE","59","208","186","38","7","0","8","20","24","14","61","2","1",".207",".271",".377",".648",".273","599.8","","2.53","0.45","1.11","12976"
"Kelvin Gutierrez","KCR","7","30","28","7","1","0","0","3","3","2","9","0","0",".238",".300",".309",".610",".273","999.0","","2.64","3.70","1.93","17468"
"Grayson Greiner","DET","48","178","162","34","7","1","5","18","18","13","54","0","0",".208",".274",".351",".624",".273","599.8","","1.97","-0.86","1.19","17062"
"Jason Vosler","SFG","10","42","38","8","2","0","1","4","4","3","12","0","0",".208",".276",".347",".623",".273","600.4","","3.66","3.75","1.83","16686"
"Eli White","TEX","53","195","176","39","8","1","3","21","16","14","58","4","2",".221",".284",".334",".618",".272","999.0","","3.74","0.98","1.36","19346"
"Braden Bishop","SFG","13","50","44","10","2","0","1","5","5","4","13","1","0",".223",".291",".321",".611",".272","999.0","","2.68","1.16","1.84","17806"
"DJ Peters","LAD","10","38","34","7","1","0","1","4","5","3","14","0","0",".193",".276",".339",".615",".272","999.0","","4.31","2.80","1.81","19348"
"Garrett Stubbs","HOU","20","51","45","10","2","0","1","5","5","4","9","1","0",".224",".290",".327",".617",".272","999.0","","2.51","1.83","1.84","18067"
"Tony Wolters","CHC","60","191","168","39","7","1","2","18","16","16","41","0","0",".229",".306",".316",".622",".272","600.8","","2.57","0.49","1.32","11470"
"Jeffrey Bleday","MIA","12","54","49","11","2","0","1","5","5","4","13","0","0",".219",".280",".341",".621",".272","999.0","","2.73","1.58","1.79","sa3011642"
"Joshua Jung","TEX","29","124","113","25","5","0","2","12","12","8","26","2","0",".225",".285",".335",".620",".271","999.0","","4.13","1.81","1.58","sa3011468"
"Jose Trevino","TEX","89","335","313","74","16","0","7","33","34","14","64","1","0",".236",".270",".359",".630",".271","553.1","","2.59","0.02","0.74","16725"
"Aramis Garcia","OAK","49","181","167","35","7","0","6","18","20","12","66","0","0",".208",".266",".357",".623",".271","600.1","","2.52","0.78","1.15","16925"
"Richie Martin Jr.","BAL","17","68","62","14","3","1","1","7","5","4","16","2","1",".221",".276",".342",".619",".270","601.0","","2.62","2.50","1.82","17736"
"Lucius Fox","KCR","7","31","28","6","1","0","0","3","2","2","7","1","0",".229",".295",".309",".605",".270","999.0","","5.16","2.72","1.94","sa914200"
"Mike Freeman","CIN","17","58","51","11","2","0","1","6","5","5","16","0","0",".222",".294",".322",".616",".270","999.0","","2.66","1.69","1.79","11241"
"Jarrod Dyson","KCR","67","232","207","47","7","1","3","28","16","20","41","16","3",".227",".300",".311",".612",".270","600.7","","4.55","1.06","1.86","4866"
"Erik Gonzalez","PIT","68","256","239","57","12","1","4","24","24","11","67","4","2",".237",".274",".349",".623",".270","594.3","","2.98","2.16","1.23","13369"
"Jon Jay","LAA","8","29","27","7","1","0","0","3","2","2","6","0","0",".258",".303",".326",".629",".270","999.0","","1.99","2.34","1.94","5227"
"Luis Alexander Basabe","SFG","10","26","23","5","1","0","0","3","2","3","8","2","0",".213",".304",".285",".589",".269","999.0","","4.79","1.03","1.98","17839"
"Tomas Nido","NYM","52","195","183","41","8","0","5","18","22","10","47","0","0",".222",".265",".358",".624",".269","600.8","","2.46","0.38","1.18","13755"
"Beau Taylor","CIN","8","29","25","5","1","0","0","3","2","3","9","0","0",".198",".294",".299",".592",".269","999.0","","1.61","1.16","1.89","12384"
"Mark Mathias","MIL","13","42","38","8","2","0","1","5","5","4","9","1","0",".207",".286",".315",".601",".268","999.0","","3.64","2.32","1.84","18032"
"Akil Baddoo","DET","54","228","206","41","7","2","6","25","19","19","68","6","2",".199",".271",".342",".613",".268","999.0","","2.41","-1.44","1.20","22168"
"Seby Zavala","CHW","9","28","26","5","1","0","1","3","3","2","11","0","0",".203",".261",".354",".616",".268","999.0","","4.58","2.28","1.88","18887"
"Erick Mejia","KCR","15","42","38","9","2","0","0","4","3","3","11","2","0",".233",".283",".327",".609",".267","999.0","","5.17","2.32","1.93","15817"
"Wilmer Difo","PIT","15","37","33","8","1","0","1","4","3","3","8","0","1",".233",".293",".330",".624",".267","999.0","","3.50","0.84","1.90","14320"
"Jorge Mateo","SDP","21","74","68","15","3","1","1","9","7","4","23","3","1",".220",".264",".351",".615",".266","600.2","","3.29","3.76","1.76","17273"
"Marcus Wilson","BOS","8","27","24","5","1","0","1","3","3","3","9","0","0",".202",".280",".315",".596",".265","999.0","","4.86","2.46","1.89","sa828703"
"Chad Wallach","MIA","63","234","210","43","9","0","5","21","21","19","70","0","0",".203",".276",".320",".596",".265","600.3","","2.15","-0.89","1.00","17161"
"Phil Gosselin","LAA","9","27","25","5","1","0","0","3","3","2","7","0","0",".210",".283",".310",".593",".265","999.0","","2.33","1.79","1.89","10953"
"Anthony Bemboom","LAA","16","53","48","10","2","0","1","5","5","4","13","0","0",".203",".269",".335",".605",".265","999.0","","1.49","0.31","1.78","13854"
"Bubba Starling","KCR","7","27","25","6","1","0","0","3","2","2","8","0","0",".226",".275",".327",".602",".264","999.0","","2.56","1.28","1.93","13356"
"Chris Herrmann","BOS","7","23","20","4","1","0","0","2","2","2","7","0","0",".197",".284",".306",".589",".264","999.0","","1.68","1.84","1.91","9284"
"Jake Noll","WSN","12","40","38","10","2","0","0","4","3","1","9","0","0",".248",".280",".320",".599",".264","999.0","","7.56","1.14","1.90","19703"
"Rodolfo Castro","PIT","7","28","26","5","1","0","1","3","3","1","8","0","0",".208",".250",".369",".618",".264","999.0","","2.52","3.11","1.89","21987"
"Andrew Velazquez","NYY","18","46","42","9","2","0","1","6","4","4","14","2","1",".211",".280",".308",".589",".263","999.0","","4.24","1.32","1.86","14196"
"Khalil Lee","NYM","6","21","19","4","1","0","0","3","2","2","7","1","0",".201",".294",".281",".575",".263","999.0","","6.18","2.92","1.94","19952"
"Mallex Smith","NYM","11","40","36","8","1","0","0","5","3","3","10","2","0",".216",".291",".289",".580",".262","600.7","","7.06","2.57","1.89","13608"
"Tucupita Marcano","SDP","11","47","43","10","1","0","0","5","4","3","7","0","0",".238",".289",".298",".587",".261","999.0","","1.62","0.85","1.86","22871"
"Will Craig","PIT","8","25","23","5","1","0","1","3","3","2","7","0","0",".204",".269",".319",".588",".261","999.0","","3.53","3.78","1.90","19267"
"Jose Siri","HOU","7","29","27","5","1","0","1","3","3","2","10","1","0",".205",".260",".340",".600",".261","999.0","","4.68","2.45","1.90","sa736940"
"Nick Heath","ARI","12","33","29","6","1","0","0","3","2","3","11","3","1",".215",".290",".283",".574",".260","999.0","","3.03","3.14","1.99","19577"
"Jesus Sanchez","MIA","7","24","22","5","1","0","0","2","3","2","6","0","0",".214",".273",".314",".587",".260","601.0","","3.30","2.16","1.92","19913"
"Estevan Florial","NYY","8","28","25","5","1","0","1","3","3","2","11","0","0",".200",".273",".305",".578",".258","999.0","","3.10","1.26","1.88","19151"
"Sandy Leon","MIA","18","63","56","11","2","0","1","5","5","5","17","0","0",".198",".273",".303",".576",".256","999.0","","1.62","0.01","1.74","5273"
"Billy Hamilton","CHW","25","80","72","16","3","0","0","9","4","7","19","7","1",".219",".284",".286",".569",".256","599.3","","5.61","1.23","1.95","10199"
"Ali Sanchez","STL","8","25","23","5","1","0","0","2","2","2","6","0","0",".225",".279",".283",".561",".252","999.0","","2.27","0.44","1.94","18551"
"Drew Butera","LAA","15","46","41","8","2","0","1","4","4","3","12","0","0",".204",".265",".307",".572",".252","999.0","","0.90","-0.18","1.82","3411"
"Michael Reed","OAK","5","20","19","4","1","0","0","2","2","1","7","1","0",".200",".254",".325",".579",".251","999.0","","1.06","0.74","1.95","sa738683"
"Chris Davis","BAL","25","100","89","16","3","0","3","9","10","9","36","0","0",".181",".263",".321",".584",".251","600.5","","1.44","-0.48","1.50","9272"
"Travis Jankowski","PHI","13","36","32","7","1","0","0","4","3","4","10","2","0",".206",".291",".250",".541",".251","999.0","","3.61","1.30","1.92","13768"
"Luke Maile","MIL","7","27","25","5","1","0","0","2","2","2","7","0","0",".203",".264",".285",".549",".246","999.0","","1.42","1.45","1.90","13355"
"JT Riddle","MIN","10","30","29","6","1","0","1","4","4","1","6","0","0",".199",".230",".346",".577",".238","999.0","","3.50","1.87","1.86","17642"
"Kyle Holder","NYY","16","57","53","10","1","0","1","7","7","3","10","1","0",".196",".241",".246",".487",".219","599.9","","4.00","1.07","1.72","sa857840"
